ID,Name
4481530,[Miranda Sprout]
170000,[Fallen Hawks Soldier] Bullet
170001,[Fallen Hawks Soldier] Bullet
170002,[Fallen Hawks Soldier] Bullet
170003,[Fallen Hawks Soldier] Bullet
171000,[Ancient Hero] Bullet
200100,
200200,
200210,
200300,
200600,
235000,[Skeletal Militiaman/Bandit/Knight/Grave Warden] Bullet
235001,[Skeletal Militiaman/Bandit/Knight/Grave Warden] Bullet 
240000,[Revenant Follower] Bullet
240001,[Revenant Follower] Bullet
240002,[Revenant Follower] Bullet 
240003,[Revenant Follower] Bullet  
2010240,[Blaidd the Half-Wolf]
2010271,[Blaidd the Half-Wolf]
2010280,[Blaidd the Half-Wolf]
2030100,[Rennala]
2030110,[Rennala]
2030120,[Rennala]
2030130,[Rennala]
2030140,[Rennala]
2030150,[Rennala]
2031100,[Rennala - 2]
2031110,[Rennala - 2]
2031115,[Rennala - 2]
2031130,[Rennala - 2] Comet
2031150,[Rennala - 2]
2031151,[Rennala - 2]
2031152,[Rennala - 2]
2031153,[Rennala - 2]
2031155,[Rennala - 2]
2031156,[Rennala - 2]
2031157,[Rennala - 2]
2031158,[Rennala - 2]
2031160,[Rennala - 2]
2031161,[Rennala - 2]
2031162,[Rennala - 2]
2031163,[Rennala - 2]
2031170,[Rennala - 2]
2031175,[Rennala - 2]
2031176,[Rennala - 2]
2031180,[Rennala - 2]
2031181,[Rennala - 2]
2031182,[Rennala - 2]
2031183,[Rennala - 2]
2031184,[Rennala - 2]
2031185,[Rennala - 2]
2031186,[Rennala - 2]
2031187,[Rennala - 2]
2031190,[Rennala - 2]
2031191,[Rennala - 2]
2031192,[Rennala - 2]
2031193,[Rennala - 2]
2031194,[Rennala - 2]
2031195,[Rennala - 2]
2031196,[Rennala - 2]
2031197,[Rennala - 2]
2031199,[Rennala - 2]
2031210,[Rennala - 2]
2031250,[Rennala - 2]
2040100,[Juvenile Scholar]
2040110,[Juvenile Scholar]
2040120,[Juvenile Scholar]
2040121,[Juvenile Scholar]
2040122,[Juvenile Scholar]
2040125,[Juvenile Scholar]
2040126,[Juvenile Scholar]
2040127,[Juvenile Scholar]
2040140,[Juvenile Scholar]
2040141,[Juvenile Scholar]
2040142,[Juvenile Scholar]
2040143,[Juvenile Scholar]
2040150,[Juvenile Scholar]
2040155,[Juvenile Scholar]
2040156,[Juvenile Scholar]
2040157,[Juvenile Scholar]
2040180,[Juvenile Scholar]
2041140,[Kindred of Rot Larva] Pest Threads
2100250,[Black Knife Assassin]
2100260,[Black Knife Assassin]
2100261,[Black Knife Assassin]
2100270,[Black Knife Assassin]
2100290,[Black Knife Assassin]
2100300,[Black Knife Assassin]
2100310,[Black Knife Assassin]
2110100,[Beast Clergyman]
2110101,[Beast Clergyman]
2110130,[Beast Clergyman]
2110131,[Beast Clergyman]
2110150,[Beast Clergyman]
2110151,[Beast Clergyman]
2110152,[Beast Clergyman]
2110155,[Beast Clergyman]
2110156,[Beast Clergyman]
2110158,[Beast Clergyman]
2110250,[Beast Clergyman]
2110251,[Beast Clergyman]
2110252,[Beast Clergyman]
2110253,[Beast Clergyman]
2110254,[Beast Clergyman]
2110255,[Beast Clergyman]
2110351,[Beast Clergyman]
2110352,[Beast Clergyman]
2110431,[Beast Clergyman]
2110432,[Beast Clergyman]
2110433,[Beast Clergyman]
2110434,[Beast Clergyman]
2110435,[Beast Clergyman]
2110442,[Beast Clergyman]
2110451,[Beast Clergyman]
2110452,[Beast Clergyman]
2110453,[Beast Clergyman]
2110456,[Beast Clergyman]
2110457,[Beast Clergyman]
2110458,[Beast Clergyman]
2110475,[Beast Clergyman]
2110476,[Beast Clergyman]
2110477,[Beast Clergyman]
2110478,[Beast Clergyman]
2110479,[Beast Clergyman]
2110480,[Beast Clergyman]
2110550,[Beast Clergyman]
2110551,[Beast Clergyman]
2110552,[Beast Clergyman]
2110553,[Beast Clergyman]
2110554,[Beast Clergyman]
2110555,[Beast Clergyman]
2110752,[Beast Clergyman]
2110753,[Beast Clergyman]
2110754,[Beast Clergyman]
2110755,[Beast Clergyman]
2110772,[Beast Clergyman]
2110773,[Beast Clergyman]
2110774,[Beast Clergyman]
2110775,[Beast Clergyman]
2110776,[Beast Clergyman]
2120292,[Malenia]
2120293,[Malenia]
2120620,[Malenia]
2120621,[Malenia]
2120622,[Malenia]
2120623,[Malenia]
2120624,[Malenia]
2120640,[Malenia] Rot Butterflies
2120641,[Malenia]
2120642,[Malenia]
2120643,[Malenia] Rot Butterflies Explosion
2120650,[Malenia]
2120651,[Malenia]
2120652,[Malenia]
2120653,[Malenia]
2130050,[Margit] Floating Swords
2130051,[Margit] Floating Swords
2130052,[Margit] Floating Swords VFX Rise
2130053,[Margit] Floating Swords VFX Stay
2130054,[Margit] Floating Swords Fall
2130055,[Margit] Floating Swords fall AoE
2130060,[Morgott] Flaoating Swords Rise
2130061,[Morgott] Flaoating Swords Split Emitter
2130062,[Morgott] Floating Swords VFX Emiied Rise
2130063,[Morgott] Floating Swords VFX Emiied Stay
2130064,[Morgott] Floating Swords Fall
2130065,[Morgott] Floating Swords Linger
2130070,[Morgott]
2130071,[Morgott]
2130072,[Morgott]
2130073,[Morgott]
2130074,[Morgott]
2130075,[Morgott]
2130080,[Morgott]
2130081,[Morgott]
2130082,[Morgott]
2130083,[Morgott]
2130084,[Morgott]
2130085,[Morgott]
2130090,[Morgott]
2130160,[Morgott] Spear Toss
2130165,[Morgott] Spear Toss
2130166,[Morgott] Puddle Bubble
2130167,[Morgott]
2130175,[Morgott] Puddle
2130176,[Morgott] Puddle Bubble
2130177,[Morgott] Puddle Explosion
2130191,[Morgott]
2130192,[Morgott]
2130193,[Morgott]
2130197,[Morgott]
2130198,[Morgott]
2130341,[Morgott] Phase Shift Random Puddles
2130342,[Morgott] Phase Shift Puddle Bubble
2130343,[Morgott] Phase Shift Puddle Explosion
2130345,[Morgott] Phase Shift Self Puddle
2130480,[Morgott]
2130595,[Margit] Dagger
2130596,[Morgott] Dagger Split
2130771,[Morgott] Hammer Jump
2130991,[Morgott]
2140290,[Omen]
2140291,[Omen]
2140510,[Omen]
2140511,[Omen]
2140512,[Omen]
2140513,[Omen]
2140514,[Omen]
2140520,[Omen]
2140521,[Omen]
2140522,[Omen]
2140523,[Omen]
2140530,[Omen] Breath
2150010,[Lightning Ball] Bullet
2150011,[Lightning Ball] Bullet 
2150012,[Lightning Ball] Bullet  
2150013,[Lightning Ball] Bullet   
2150014,[Lightning Ball] Bullet    
2150015,[Lightning Ball] Bullet     
2190161,[Radagon]
2190162,[Radagon]
2190163,[Radagon]
2190201,[Radagon] Holy Ground Forward
2190202,[Radagon]
2190203,[Radagon]
2190245,[Radagon]
2190250,[Radagon] Flying Spear Throw
2190251,[Radagon] Flying Spear Impact
2190252,[Radagon] Flying Spear Linger
2190253,[Radagon] Flying Spear Explode
2190261,[Radagon]
2190262,[Radagon]
2190263,[Radagon]
2190265,[Radagon]
2190281,[Radagon]
2190282,[Radagon]
2190283,[Radagon]
2190291,[Radagon]
2190292,[Radagon]
2190293,[Radagon]
2190294,[Radagon]
2190295,[Radagon] Holy Floor Linger
2190296,[Radagon] Holy Floor Explode
2190310,[Radagon] Spear Placed
2190311,[Radagon] Spear Placed Explode
2190312,[Radagon]
2190313,[Radagon] Spear Linger
2190330,[Radagon] Small Spear 1
2190331,[Radagon]
2190332,[Radagon]
2190340,[Radagon] Small Spear 1-4x
2190341,[Radagon]
2190342,[Radagon]
2190360,[Radagon] Flying Small Spear 1-3x
2190361,[Radagon]
2190362,[Radagon]
2190365,[Radagon] Flying Small Spear 1-9x
2190366,[Radagon]
2190367,[Radagon]
2190371,[Radagon]
2190372,[Radagon]
2190373,[Radagon]
2190374,[Radagon]
2190375,[Radagon] Holy Floor Linger
2190376,[Radagon] Holy Floor Explode
2190381,[Radagon]
2190382,[Radagon]
2190383,[Radagon]
2190384,[Radagon]
2190385,[Radagon] Holy Floor Linger
2190386,[Radagon] Holy Floor Explode
2190390,[Radagon] Flying Spear Throw
2190391,[Radagon] Flying Spear Impact
2190392,[Radagon] Flying Spear Linger
2190393,[Radagon] Flying Spear Explode
2190401,[Radagon]
2190402,[Radagon]
2190403,[Radagon]
2190404,[Radagon]
2190420,[Radagon] Holy Stomp
2190421,[Radagon]
2190422,[Radagon]
2190425,[Radagon] Holy Stomp Explode
2190430,[Radagon] Shattering 1
2190431,[Radagon]
2190432,[Radagon]
2190433,[Radagon]
2190434,[Radagon]
2190435,[Radagon]
2190440,[Radagon] Shattering 2
2190441,[Radagon]
2190442,[Radagon]
2190443,[Radagon]
2190450,[Radagon] Shattering 3
2190451,[Radagon] Shattering 3
2190452,[Radagon]
2190453,[Radagon]
2190460,[Radagon]
2190510,[Radagon] Shockwave
2190520,[Radagon]
2190521,[Radagon] Holy Shockwave
2190530,[Radagon] Shattering AoE
2190540,[Radagon] Warp AoE
2190600,[Radagon]
2190610,[Radagon]
2190620,[Radagon]
2190999,[Radagon] Bullet
2200100,[Elden Beast]
2200101,[Elden Beast]
2200102,[Elden Beast]
2200190,[Elden Beast]
2200191,[Elden Beast] Purple Star Linger
2200192,[Elden Beast] Purple Star Burst
2200212,[Elden Beast]
2200213,[Elden Beast]
2200214,[Elden Beast] Sword Slam
2200221,[Elden Beast] Swipe Wave 1
2200222,[Elden Beast] Swipe Wave 1
2200223,[Elden Beast] Swipe Wave 2
2200224,[Elden Beast] Swipe Wave 2
2200225,[Elden Beast]
2200226,[Elden Beast] Swipe Wave Explode 1
2200227,[Elden Beast] Swipe Wave Explode 2
2200228,[Elden Beast]
2200230,[Elden Beast] Down Fire
2200231,[Elden Beast] Down Fire
2200232,[Elden Beast]
2200294,[Elden Beast] Sword Beam 1
2200295,[Elden Beast] Sword Beam 2
2200296,[Elden Beast] Sword Beam 3
2200297,[Elden Beast] Sword Beam 4
2200300,[Elden Beast]
2200301,[Elden Beast]
2200310,[Elden Beast] Sword Stab
2200311,[Elden Beast] Sword Stab
2200315,[Elden Beast] Sword Stab Explosion 1
2200316,[Elden Beast] Sword Stab Explosion 2
2200330,[Elden Beast] Vertical Sword Beam
2200360,[Elden Beast]
2200361,[Elden Beast] Purple Star Linger
2200362,[Elden Beast] Purple Star Burst
2200363,[Elden Beast]
2200365,[Elden Beast]
2200366,[Elden Beast]
2200367,[Elden Beast]
2200368,[Elden Beast]
2200370,[Elden Beast]
2200371,[Elden Beast]
2200372,[Elden Beast]
2200390,[Elden Beast] Elden Stars
2200391,[Elden Beast]
2200392,[Elden Beast]
2200393,[Elden Beast]
2200394,[Elden Beast]
2200395,[Elden Beast]
2200396,[Elden Beast] Elden Stars Emitted
2200397,[Elden Beast] Elden Stars Explosion
2200402,[Elden Beast]
2200410,[Elden Beast]
2200411,[Elden Beast]
2200412,[Elden Beast]
2200415,[Elden Beast]
2200416,[Elden Beast]
2200417,[Elden Beast]
2200420,[Elden Beast]
2200421,[Elden Beast] Ring 40
2200422,[Elden Beast] Ring
2200423,[Elden Beast]
2200424,[Elden Beast]
2200425,[Elden Beast]
2200426,[Elden Beast]
2200427,[Elden Beast]
2200428,[Elden Beast]
2200430,[Elden Beast]
2200450,[Elden Beast] Stationary Bombardment
2200460,[Elden Beast]
2200510,[Elden Beast]
2200600,[Elden Beast]
2200610,[Elden Beast]
2200620,[Elden Beast]
2200630,[Elden Beast]
2200999,[Elden Beast] Bullet
2270110,[Giant Crab]
2270111,[Giant Crab]
2270250,[Giant Crab]
2270251,[Giant Crab]
2270260,[Giant Crab]
2270261,[Giant Crab]
2500180,[Crucible Knight]
2500181,[Crucible Knight]
2500182,[Crucible Knight]
2500210,[Crucible Knight] Fire Breath
2500220,[Crucible Knight] Fire Breath Back
2500221,[Crucible Knight] Fire Breath Back
2500222,[Crucible Knight] Fire Breath Back
2500240,[Crucible Knight]
2500250,[Crucible Knight]
2500251,[Crucible Knight]
2500252,[Crucible Knight]
2500271,[Crucible Knight]
2500440,[Crucible Knight]
2500441,[Crucible Knight]
2500442,[Crucible Knight]
2500481,[Crucible Knight]
2500482,[Crucible Knight]
2500501,[Crucible Knight]
2500590,[Crucible Knight]
2500591,[Crucible Knight]
2500592,[Crucible Knight]
2500610,[Crucible Knight]
3000120,[Exile Soldier]
3000121,[Exile Soldier]
3000130,[Exile Soldier]
3000131,[Exile Soldier]
3000140,[Exile Soldier]
3000150,[Exile Soldier]
3000200,[Exile Soldier]
3000210,[Exile Soldier]
3000220,[Exile Soldier]
3000230,[Exile Soldier]
3000240,[Exile Soldier]
3000425,[Exile Soldier]
3000440,[Exile Soldier]
3000441,[Exile Soldier]
3000501,[Exile Soldier]
3010135,[Banished Knight] Shield AoE
3010136,[Banished Knight] Shield AoE
3010185,[Banished Knight] Shield AoE
3010212,[Banished Knight] Shield AoE
3010213,[Banished Knight] Shield AoE
3010225,[Banished Knight] Shield AoE Frost
3010226,[Banished Knight] Shield AoE Frost
3010235,[Banished Knight] Shield AoE Frost
3010245,[Banished Knight] Shield AoE Frost
3010255,[Banished Knight]
3010280,[Banished Knight]
3010281,[Banished Knight]
3010290,[Banished Knight]
3010525,[Banished Knight]
3010795,[Banished Knight]
3010815,[Banished Knight]
3010820,[Banished Knight]
3010845,[Banished Knight]
3010847,[Banished Knight]
3010850,[Banished Knight]
3010875,[Banished Knight]
3010877,[Banished Knight]
3010885,[Banished Knight]
3010925,[Banished Knight]
3050400,[Commander] Glory
3050410,[Commander] Glory
3050900,[Commander] Frost AoE
3050905,[Commander] Rot AoE
3050910,[Commander] Frost AoE
3050915,[Commander] Rot AoE
3050920,[Commander] Frost AoE
3050925,[Commander] Rot AoE
3050930,[Commander] Frost AoE Multi
3050935,[Commander] Rot AoE Multi
3050940,[Commander] Frost AoE Multi
3050945,[Commander] Rot AoE Multi
3050950,[Commander] Frost AoE
3050955,[Commander] Rot AoE
3061500,[Undead Beastmariner]
3070170,[Dominula Celebrant]
3070200,[Dominula Celebrant]
3070201,[Dominula Celebrant]
3070202,[Dominula Celebrant]
3070203,[Dominula Celebrant]
3070210,[Dominula Celebrant]
3070211,[Dominula Celebrant]
3070220,[Dominula Celebrant]
3070380,[Dominula Celebrant]
3070450,[Dominula Celebrant]
3070570,[Dominula Celebrant]
3070900,[Dominula Celebrant]
3080070,[Imp] Throwing Knife
3080080,[Imp]
3080100,[Imp]
3080101,[Imp]
3080120,[Imp]
3080121,[Imp]
3080130,[Imp]
3080131,[Imp]
3080132,[Imp]
3080133,[Imp]
3080134,[Imp]
3080135,[Imp]
3080136,[Imp]
3100272,[Elemer of the Briar]
3100410,[Elemer of the Briar]
3100420,[Elemer of the Briar] Grab
3100421,[Elemer of the Briar] Grab
3150500,[Night's Cavalry]
3150510,[Night's Cavalry]
3170000,[Albinauric Archer]
3170010,[Albinauric Archer]
3170011,[Albinauric Archer]
3170020,[Albinauric Archer]
3170030,[Albinauric Archer]
3170031,[Albinauric Archer]
3170200,[Albinauric Archer]
3170210,[Albinauric Archer]
3170211,[Albinauric Archer]
3170220,[Albinauric Archer]
3170230,[Albinauric Archer]
3170231,[Albinauric Archer]
3170240,[Albinauric Archer]
3170250,[Albinauric Archer]
3170251,[Albinauric Archer]
3170260,[Albinauric Archer]
3170270,[Albinauric Archer]
3170271,[Albinauric Archer]
3170280,[Albinauric Archer]
3170290,[Albinauric Archer]
3170291,[Albinauric Archer]
3170360,[Albinauric Archer]
3170370,[Albinauric Archer]
3170371,[Albinauric Archer]
3170380,[Albinauric Archer]
3170390,[Albinauric Archer]
3170391,[Albinauric Archer]
3170500,[Albinauric Archer]
3170501,[Albinauric Archer]
3170502,[Albinauric Archer]
3170503,[Albinauric Archer]
3170504,[Albinauric Archer]
3170550,[Albinauric Archer]
3170551,[Albinauric Archer]
3170560,[Albinauric Archer]
3170561,[Albinauric Archer]
3180050,[Dog]
3180051,[Dog]
3180055,[Dog]
3180056,[Dog]
3180057,[Dog]
3180800,[Dog]
3181500,[Red Wolf of Radagon] Glintblade
3181501,[Red Wolf of Radagon] Glintblade
3181502,[Red Wolf of Radagon] Glintblade
3181510,[Red Wolf of Radagon] Comet
3181520,[Red Wolf of Radagon] Howl
3181800,[Red Wolf of Radagon]
3200000,[Nomadic Merchant]
3200001,[Nomadic Merchant]
3200002,[Nomadic Merchant]
3200003,[Nomadic Merchant]
3200010,[Nomadic Merchant]
3200011,[Nomadic Merchant]
3200012,[Nomadic Merchant]
3200013,[Nomadic Merchant]
3200400,[Nomadic Merchant]
3200401,[Nomadic Merchant]
3200402,[Nomadic Merchant]
3200403,[Nomadic Merchant]
3200410,[Nomadic Merchant]
3200411,[Nomadic Merchant]
3200412,[Nomadic Merchant]
3200413,[Nomadic Merchant]
3250141,[Draconic Tree Sentinel] Slam AoE
3250161,[Draconic Tree Sentinel] Slam AoE
3250181,[Draconic Tree Sentinel] Slam AoE
3250200,[Draconic Tree Sentinel] Fireball
3250201,[Draconic Tree Sentinel] Fireball Explosion
3250210,[Draconic Tree Sentinel] Down Fireball
3250211,[Draconic Tree Sentinel] Down Fireball Explosion
3250291,[Draconic Tree Sentinel] Slam AoE
3250301,[Draconic Tree Sentinel] Slam AoE
3250311,[Draconic Tree Sentinel]
3250320,[Draconic Tree Sentinel]
3250321,[Draconic Tree Sentinel]
3250341,[Draconic Tree Sentinel]
3250441,[Draconic Tree Sentinel]
3250451,[Draconic Tree Sentinel]
3250461,[Draconic Tree Sentinel]
3250471,[Draconic Tree Sentinel]
3250481,[Draconic Tree Sentinel]
3250491,[Draconic Tree Sentinel]
3250492,[Draconic Tree Sentinel]
3250493,[Draconic Tree Sentinel]
3250494,[Draconic Tree Sentinel]
3250501,[Draconic Tree Sentinel]
3250510,[Draconic Tree Sentinel] Homing Lightning
3250511,[Draconic Tree Sentinel] Homing Lightning Fall
3250512,[Draconic Tree Sentinel] Homing Lightning Spark
3250513,[Draconic Tree Sentinel] Homing Lightning Damage
3250514,[Draconic Tree Sentinel] Homing Lightning
3250515,[Draconic Tree Sentinel] Homing Lightning
3250521,[Draconic Tree Sentinel] Big AoE
3250531,[Draconic Tree Sentinel]
3250550,[Draconic Tree Sentinel] Spread Lightning x35
3250551,[Draconic Tree Sentinel]
3250552,[Draconic Tree Sentinel]
3250800,[Draconic Tree Sentinel]
3251141,[Tree Sentinel]
3251161,[Tree Sentinel]
3251241,[Tree Sentinel] Huge Shield AoE
3251271,[Tree Sentinel] Huge Shield AoE
3251281,[Tree Sentinel]
3251320,[Tree Sentinel]
3251321,[Tree Sentinel]
3251322,[Tree Sentinel]
3251323,[Tree Sentinel]
3251451,[Tree Sentinel]
3251910,[Tree Sentinel]
3251911,[Tree Sentinel]
3251912,[Tree Sentinel]
3251913,[Tree Sentinel]
3251915,[Tree Sentinel]
3252161,[Fallen Tree Sentinel] Homing Swords
3252162,[Fallen Tree Sentinel] Homing Swords Launch
3252210,[Fallen Tree Sentinel] Homing Swords
3252211,[Fallen Tree Sentinel] Homing Swords Launch
3252240,[Fallen Tree Sentinel] Homing Swords
3252241,[Fallen Tree Sentinel] Homing Swords Launch
3252250,[Fallen Tree Sentinel] Homing Swords
3252251,[Fallen Tree Sentinel] Homing Swords Launch
3252310,[Fallen Tree Sentinel] Soul Dart
3252320,[Fallen Tree Sentinel] Homing Swords
3252321,[Fallen Tree Sentinel] Homing Swords Launch
3252330,[Fallen Tree Sentinel] Jumping Soul Dart
3252340,[Fallen Tree Sentinel] Homing Swords
3252341,[Fallen Tree Sentinel] Homing Swords Launch
3252350,[Fallen Tree Sentinel] Greatbow Single
3252351,[Fallen Tree Sentinel] Greatbow Single Explode
3252360,[Fallen Tree Sentinel] Jumping Greatbow Single
3252361,[Fallen Tree Sentinel] Jumping Greatbow Single Explode
3252400,[Fallen Tree Sentinel] Homing Swords
3252401,[Fallen Tree Sentinel] Homing Swords Launch
3252405,[Fallen Tree Sentinel] Homing Swords
3252406,[Fallen Tree Sentinel] Homing Swords Launch
3252410,[Fallen Tree Sentinel] Homing Swords
3252411,[Fallen Tree Sentinel] Homing Swords Launch
3252415,[Fallen Tree Sentinel] Homing Swords
3252416,[Fallen Tree Sentinel] Homing Swords Launch
3252420,[Fallen Tree Sentinel] Homing Swords
3252421,[Fallen Tree Sentinel] Homing Swords Launch
3252425,[Fallen Tree Sentinel] Homing Swords
3252426,[Fallen Tree Sentinel] Homing Swords Launch
3252430,[Fallen Tree Sentinel] X Soul Dart
3252431,[Fallen Tree Sentinel] X Soul Dart
3252440,[Fallen Tree Sentinel] Homing Swords
3252441,[Fallen Tree Sentinel] Homing Swords Launch
3252445,[Fallen Tree Sentinel] Homing Swords
3252446,[Fallen Tree Sentinel] Homing Swords Launch
3252450,[Fallen Tree Sentinel] Jumping X Soul Dart
3252451,[Fallen Tree Sentinel] Jumping X Soul Dart
3252460,[Fallen Tree Sentinel] Homing Swords
3252461,[Fallen Tree Sentinel] Homing Swords Launch
3252465,[Fallen Tree Sentinel] Homing Swords
3252466,[Fallen Tree Sentinel] Homing Swords Launch
3252470,[Fallen Tree Sentinel]
3252471,[Fallen Tree Sentinel]
3252472,[Fallen Tree Sentinel]
3252473,[Fallen Tree Sentinel]
3252480,[Fallen Tree Sentinel]
3252481,[Fallen Tree Sentinel]
3252482,[Fallen Tree Sentinel]
3252483,[Fallen Tree Sentinel]
3300400,[Nox Swordstress 1]
3300700,[Nox Swordstress 1]
3310500,[Nox Swordstress 2]
3310501,[Nox Swordstress 2]
3310700,[Nox Swordstress 2]
3320120,[Silver Tear]
3320130,[Silver Tear]
3320131,[Silver Tear]
3320132,[Silver Tear]
3320133,[Silver Tear]
3320134,[Silver Tear]
3320135,[Silver Tear]
3320160,[Silver Tear]
3320170,[Silver Tear]
3330110,[Silver Tear]
3330120,[Silver Tear]
3350050,[Crystalian]
3350060,[Crystalian]
3350402,[Crystalian]
3350403,[Crystalian]
3350404,[Crystalian]
3350407,[Crystalian]
3350408,[Crystalian]
3350409,[Crystalian]
3350410,[Crystalian]
3350412,[Crystalian]
3350415,[Crystalian]
3350417,[Crystalian]
3350420,[Crystalian]
3350425,[Crystalian]
3350430,[Crystalian]
3350432,[Crystalian]
3350434,[Crystalian]
3350435,[Crystalian]
3350436,[Crystalian]
3350437,[Crystalian]
3350440,[Crystalian]
3350442,[Crystalian]
3350444,[Crystalian]
3350445,[Crystalian]
3350446,[Crystalian]
3350447,[Crystalian]
3350550,[Crystalian]
3350560,[Crystalian]
3360320,[Ancestral Follower] Winged Greathorn
3360400,[Ancestral Follower]
3360410,[Ancestral Follower]
3360490,[Ancestral Follower] Rot Breath
3360500,[Ancestral Follower]
3370120,[Ancestral Follower Shaman] Spit
3370130,[Ancestral Follower Shaman] Spit
3370131,[Ancestral Follower Shaman] Spit Puddle
3370140,[Ancestral Follower Shaman]
3370141,[Ancestral Follower Shaman]
3400370,[Grave Warden Duelist]
3400380,[Grave Warden Duelist]
3400500,[Grave Warden Duelist]
3400501,[Grave Warden Duelist]
3450202,[Misbegotten]
3450210,[Misbegotten]
3450220,[Misbegotten]
3450300,[Misbegotten]
3450310,[Misbegotten]
3450320,[Misbegotten]
3451141,[Misbegotten]
3460150,[Winged Misbegotten]
3460151,[Winged Misbegotten]
3460201,[Winged Misbegotten] Jump Shockwave
3460230,[Winged Misbegotten] Holy AoE
3460241,[Winged Misbegotten]
3460242,[Winged Misbegotten]
3470000,[Albinauric]
3470001,[Albinauric]
3470027,[Albinauric]
3470190,[Albinauric]
3470191,[Albinauric]
3470192,[Albinauric]
3470200,[Albinauric]
3470201,[Albinauric]
3470202,[Albinauric]
3470203,[Albinauric]
3500100,[Skeleton (Curved Sword)] Bolt
3500101,[Skeleton (Curved Sword)] Magic Bolt
3500340,[Skeleton (Curved Sword)] Ghostflame Skull
3500341,[Skeleton (Curved Sword)] Ghostflame Skull
3500350,[Skeleton (Curved Sword)]
3500351,[Skeleton (Curved Sword)]
3500352,[Skeleton (Curved Sword)]
3500353,[Skeleton (Curved Sword)] Exploding Skull
3500550,[Skeleton (Curved Sword)] Breath
3500551,[Skeleton (Curved Sword)] Breath
3500810,[Skeleton (Curved Sword)]
3500890,[Skeleton (Curved Sword)]
3500891,[Skeleton (Curved Sword)]
3510090,[Skeleton (Scimitar)]
3510091,[Skeleton (Scimitar)]
3510092,[Skeleton (Scimitar)]
3510093,[Skeleton (Scimitar)]
3510230,[Skeleton (Scimitar)] Bolt
3510700,[Skeleton (Scimitar)]
3510701,[Skeleton (Scimitar)]
3510702,[Skeleton (Scimitar)]
3550280,[Sanguine Noble]
3550290,[Sanguine Noble]
3550291,[Sanguine Noble]
3550292,[Sanguine Noble]
3550293,[Sanguine Noble]
3550294,[Sanguine Noble]
3550295,[Sanguine Noble]
3560198,[Godskin Apostle] Deflect Windmill
3560236,[Godskin Apostle] Deflect Windmill
3560242,[Godskin Apostle] Stretch Fire Spin Drop
3560243,[Godskin Apostle] Stretch Fire Spin Fire
3560250,[Godskin Apostle] Fire Spin Circle
3560251,[Godskin Apostle] Fire Spin Circle Final
3560260,[Godskin Apostle] Fireball
3560261,[Godskin Apostle]
3560270,[Godskin Apostle] Phase Shift AoE
3560350,[Godskin Apostle] Roar
3570191,[Godskin Noble]
3570261,[Godskin Noble]
3570262,[Godskin Noble]
3570274,[Godskin Noble]
3570275,[Godskin Noble]
3570300,[Godskin Noble] Fire Pillars Nine
3570301,[Godskin Noble] Fire Pillars
3570302,[Godskin Noble] Fire Pillars Fire
3570303,[Godskin Noble]
3570310,[Godskin Noble] Fireball
3570311,[Godskin Noble]
3570320,[Godskin Noble] Phase Shift AoE
3570410,[Godskin Noble] Roar
3570420,[Godskin Noble] Belly Quick Fire
3570421,[Godskin Noble] Belly Quick Fire
3600200,[Alabaster Lord] Pull VFX Bullet
3600201,[Alabaster Lord] Pull X1
3600202,[Alabaster Lord] Pull X2
3600203,[Alabaster Lord] Pull X3
3600204,[Alabaster Lord] Pull Real
3600220,[Alabaster Lord] Gravity Orb Pull
3600371,[Alabaster Lord]
3600372,[Alabaster Lord]
3600373,[Alabaster Lord] Meteors
3600374,[Alabaster Lord] Meteors
3600400,[Alabaster Lord] Push VFX Bullet
3600401,[Alabaster Lord] Push X1
3600402,[Alabaster Lord] Push X2
3600403,[Alabaster Lord] Push Real
3600420,[Alabaster Lord] Gravity Orb Melee Push
3600440,[Alabaster Lord] Gravity Orb Push
3600800,[Alabaster Lord]
3600801,[Alabaster Lord]
3600810,[Alabaster Lord]
3600811,[Alabaster Lord]
3600812,[Alabaster Lord]
3600820,[Alabaster Lord]
3600821,[Alabaster Lord]
3600822,[Alabaster Lord]
3600830,[Alabaster Lord]
3600831,[Alabaster Lord]
3600832,[Alabaster Lord]
3600840,[Alabaster Lord]
3600841,[Alabaster Lord]
3600842,[Alabaster Lord]
3600850,[Alabaster Lord]
3600851,[Alabaster Lord]
3600852,[Alabaster Lord]
3600860,[Alabaster Lord] Meteors
3600861,[Alabaster Lord] Meteors
3610130,[Oracle Envoy]
3610150,[Oracle Envoy]
3610151,[Oracle Envoy]
3610152,[Oracle Envoy]
3620140,[Oracle Envoy (Large)] Bullet
3620160,[Oracle Envoy (Large)] Bullet
3620161,[Oracle Envoy (Large)] Bullet 
3620162,[Oracle Envoy (Large)] Bullet  
3620163,[Oracle Envoy (Large)] Bullet   
3630150,[Oracle Envoy (Giant)] Bullet
3630160,[Oracle Envoy (Giant)] Bullet
3630161,[Oracle Envoy (Giant)] Bullet 
3630162,[Oracle Envoy (Giant)] Bullet  
3640100,
3640110,
3650310,[Guardian] Seppuku 1
3650311,[Guardian] Seppuku 2
3650312,[Guardian] Seppuku End
3650313,[Guardian]
3650314,[Guardian] Seppuku 3
3650343,[Guardian]
3650345,[Guardian]
3650410,[Guardian]
3650600,[Guardian]
3650610,[Guardian] Gas
3650611,[Guardian] Gas
3650612,[Guardian] Gas
3650614,[Guardian] Gas
3650700,[Guardian]
3650710,[Guardian]
3650800,[Guardian]
3650900,[Guardian] Spiked Sowrdspear AoE
3660170,[Gostoc]
3660190,[Gostoc]
3660191,[Gostoc]
3660200,[Gostoc]
3660201,[Gostoc]
3660210,[Gostoc]
3660211,[Gostoc]
3660220,[Gostoc]
3660221,[Gostoc]
3660230,[Gostoc]
3660240,[Gostoc]
3660250,[Gostoc]
3660260,[Gostoc]
3660270,[Gostoc]
3660280,[Gostoc]
3660290,[Gostoc]
3660300,[Gostoc]
3660320,[Gostoc]
3660321,[Gostoc]
3660322,[Gostoc]
3660323,[Gostoc]
3661900,[Putrid Corpse 1]
3661901,[Putrid Corpse 1]
3661905,[Putrid Corpse 1]
3661906,[Putrid Corpse 1]
3661910,[Putrid Corpse 1]
3661920,[Putrid Corpse 1]
3661921,[Putrid Corpse 1]
3661925,[Putrid Corpse 1]
3661926,[Putrid Corpse 1]
3661927,[Putrid Corpse 1]
3662900,[Putrid Corpse 2]
3662901,[Putrid Corpse 2]
3662905,[Putrid Corpse 2]
3662906,[Putrid Corpse 2]
3662910,[Putrid Corpse 2]
3662920,[Putrid Corpse 2]
3662921,[Putrid Corpse 2]
3662925,[Putrid Corpse 2]
3662926,[Putrid Corpse 2]
3662927,[Putrid Corpse 2]
3664180,[Cemetery Shade] Gas
3664181,[Cemetery Shade] Ball
3670100,[Elder Albinauric]
3670101,[Elder Albinauric]
3670210,[Elder Albinauric]
3670220,[Elder Albinauric]
3670221,[Elder Albinauric]
3670222,[Elder Albinauric]
3670223,[Elder Albinauric]
3670224,[Elder Albinauric]
3670225,[Elder Albinauric]
3670400,[Elder Albinauric]
3670401,[Elder Albinauric]
3700110,[Depraved Perfumer]
3700120,[Depraved Perfumer]
3700121,[Depraved Perfumer]
3700122,[Depraved Perfumer]
3700123,[Depraved Perfumer]
3700130,[Depraved Perfumer]
3700131,[Depraved Perfumer]
3700132,[Depraved Perfumer]
3700170,[Depraved Perfumer]
3700171,[Depraved Perfumer]
3700172,[Depraved Perfumer]
3700190,[Depraved Perfumer]
3700191,[Depraved Perfumer]
3700500,[Depraved Perfumer]
3700501,[Depraved Perfumer]
3700502,[Depraved Perfumer]
3700503,[Depraved Perfumer]
3700510,[Depraved Perfumer]
3700511,[Depraved Perfumer]
3700512,[Depraved Perfumer]
3700520,[Depraved Perfumer]
3700530,[Depraved Perfumer]
3700531,[Depraved Perfumer]
3700532,[Depraved Perfumer]
3700540,[Depraved Perfumer]
3700560,[Depraved Perfumer]
3700570,[Depraved Perfumer]
3700571,[Depraved Perfumer]
3700572,[Depraved Perfumer]
3700573,[Depraved Perfumer]
3700580,[Depraved Perfumer]
3700581,[Depraved Perfumer]
3700582,[Depraved Perfumer]
3700583,[Depraved Perfumer]
3700584,[Depraved Perfumer]
3700585,[Depraved Perfumer]
3700586,[Depraved Perfumer]
3700587,[Depraved Perfumer]
3700620,[Depraved Perfumer]
3700621,[Depraved Perfumer]
3700630,[Depraved Perfumer]
3700631,[Depraved Perfumer]
3700632,[Depraved Perfumer]
3700633,[Depraved Perfumer]
3700640,[Depraved Perfumer]
3700641,[Depraved Perfumer]
3700642,[Depraved Perfumer]
3700643,[Depraved Perfumer]
3700644,[Depraved Perfumer]
3700645,[Depraved Perfumer]
3700646,[Depraved Perfumer]
3700647,[Depraved Perfumer]
3700648,[Depraved Perfumer]
3700650,[Depraved Perfumer]
3700700,[Depraved Perfumer]
3700710,[Depraved Perfumer]
3700720,[Depraved Perfumer]
3700730,[Depraved Perfumer]
3700740,[Depraved Perfumer]
3702100,[Glintstone Sorcerer]
3702200,[Glintstone Sorcerer]
3702201,[Glintstone Sorcerer]
3702202,[Glintstone Sorcerer]
3702203,[Glintstone Sorcerer]
3702204,[Glintstone Sorcerer]
3702205,[Glintstone Sorcerer]
3702206,[Glintstone Sorcerer]
3702207,[Glintstone Sorcerer]
3702210,[Glintstone Sorcerer]
3702211,[Glintstone Sorcerer]
3702212,[Glintstone Sorcerer]
3702213,[Glintstone Sorcerer]
3702214,[Glintstone Sorcerer]
3702215,[Glintstone Sorcerer]
3702216,[Glintstone Sorcerer]
3702217,[Glintstone Sorcerer]
3702301,[Glintstone Sorcerer]
3702400,[Glintstone Sorcerer]
3702402,[Glintstone Sorcerer]
3702404,[Glintstone Sorcerer]
3702410,[Glintstone Sorcerer]
3702411,[Glintstone Sorcerer]
3702412,[Glintstone Sorcerer]
3703200,[Page]
3703201,[Page]
3703202,[Page]
3704160,[Battlemage]
3704170,[Battlemage]
3704171,[Battlemage]
3704181,[Battlemage]
3704191,[Battlemage]
3704200,[Battlemage]
3704210,[Battlemage]
3704220,[Battlemage]
3704221,[Battlemage]
3730100,[Graven School]
3730101,[Graven School]
3730102,[Graven School]
3730110,[Graven School] Magic Geyser
3730111,[Graven School] Magic Geyser
3730112,[Graven School] Magic Geyser
3750240,[Clayman]
3750241,[Clayman]
3750320,[Clayman]
3750321,[Clayman]
3750330,[Clayman]
3750331,[Clayman]
3750340,[Clayman] Large Bubble
3750341,[Clayman]
3750350,[Clayman]
3750351,[Clayman]
3800195,[Cleanrot Knight]
3800240,[Cleanrot Knight] Buff
3800241,[Cleanrot Knight] Buff
3800280,[Cleanrot Knight] Phalanx Line
3800281,[Cleanrot Knight] Phalanx Guard
3800282,[Cleanrot Knight] Phalanx Drop
3800283,[Cleanrot Knight] Phalanx Alert
3800284,[Cleanrot Knight] Phalanx Damage
3800290,[Cleanrot Knight] Spit
3800291,[Cleanrot Knight] Spit Cloud
3800300,[Cleanrot Knight]
3800310,[Cleanrot Knight]
3800311,[Cleanrot Knight]
3800313,[Cleanrot Knight]
3800314,[Cleanrot Knight]
3810190,[Kindred of Rot] Pest Thread
3810191,[Kindred of Rot] Pest Thread
3810300,[Kindred of Rot] Pest Thread
3810301,[Kindred of Rot] Pest Thread
3810310,[Kindred of Rot] Pest Thread
3810311,[Kindred of Rot] Pest Thread
3810312,[Kindred of Rot] Pest Thread
3810320,[Kindred of Rot] Pest Thread
3810330,[Kindred of Rot] Pest Thread
3810331,[Kindred of Rot] Pest Thread
3810332,[Kindred of Rot] Pest Thread
3810333,[Kindred of Rot] Pest Thread
3810334,[Kindred of Rot] Pest Thread
3810335,[Kindred of Rot] Pest Thread
3810400,[Kindred of Rot] Pest Thread
3810410,[Kindred of Rot] Pest Thread
3810420,[Kindred of Rot] Pest Thread
3810430,[Kindred of Rot] Pest Thread
3850070,[Marionette] Fire Pot
3850071,[Marionette] Fire Pot E
3850075,[Marionette] Fire Pot
3850076,[Marionette] Fire Pot E
3850080,[Marionette] Magic Pot
3850081,[Marionette] Magic Pot E
3850085,[Marionette] Magic Pot
3850086,[Marionette] Magic Pot E
3850100,[Marionette] Arrow
3850101,[Marionette] Arrow
3850110,[Marionette] Arrow
3850111,[Marionette] Arrow
3850120,[Marionette] Arrow
3850121,[Marionette] Arrow
3850130,[Marionette] Arrow Freak
3850131,[Marionette] Arrow Freak
3850310,[Marionette] Moon Ball
3850311,[Marionette] Moon Ball
3850312,[Marionette] Moon Ball Crack
3850320,[Marionette] Moon Ball
3850321,[Marionette] Moon Ball
3850322,[Marionette] Moon Ball Crack
3860170,[Avionette] Fire Pot
3860171,[Avionette] Fire Pot E
3860175,[Avionette] Fire Pot
3860176,[Avionette] Fire Pot E
3860270,[Avionette] Fire Pot
3860271,[Avionette] Fire Pot E
3860275,[Avionette] Fire Pot
3860276,[Avionette] Fire Pot E
3860400,[Avionette] Lightning Pot
3860401,[Avionette] Lightning Pot
3860405,[Avionette] Lightning Pot E
3860406,[Avionette]
3860407,[Avionette]
3860408,[Avionette] Lightning Pot Aftershock
3860409,[Avionette]
3860410,[Avionette]
3860411,[Avionette]
3860450,[Avionette] Volcano Pot
3860451,[Avionette] Volcano Pot E
3860452,[Avionette] Volcano Pot Stray Lava
3860453,[Avionette] Volcano Pot Magma
3900131,[Fire Monk]
3900200,[Fire Monk] Combustion
3900201,[Fire Monk] Combustion
3900210,[Fire Monk] Great Combustion
3900211,[Fire Monk] Great Combustion
3900220,[Fire Monk] Fire Surge
3900333,[Fire Monk]
3901131,[Blackflame Monk]
3901200,[Blackflame Monk] Combustion
3901201,[Blackflame Monk] Combustion
3901210,[Blackflame Monk] Great Combustion
3901211,[Blackflame Monk] Great Combustion
3901220,[Blackflame Monk] Fire Surge
3901333,[Blackflame Monk]
3901450,[Blackflame Monk] Scouring Black Flame
3901451,[Blackflame Monk] Scouring Black Flame
3901460,[Blackflame Monk] Scouring Black Flame
3901461,[Blackflame Monk] Scouring Black Flame
3910101,[Fire Prelate]
3910110,[Fire Prelate]
3910111,[Fire Prelate]
3910112,[Fire Prelate]
3910113,[Fire Prelate]
3910114,[Fire Prelate]
3910115,[Fire Prelate]
3910116,[Fire Prelate]
3910120,[Fire Prelate]
3910171,[Fire Prelate]
3910182,[Fire Prelate]
3910183,[Fire Prelate]
3910184,[Fire Prelate]
3910221,[Fire Prelate]
3910230,[Fire Prelate]
3910231,[Fire Prelate]
3910250,[Fire Prelate]
3910251,[Fire Prelate]
3910260,[Fire Prelate]
3910261,[Fire Prelate]
3910348,[Fire Prelate]
3910349,[Fire Prelate]
3910390,[Fire Prelate]
3910391,[Fire Prelate]
3950171,[Man-Serpent] Magma Ball
3950172,[Man-Serpent] Magma Pool
3950173,[Man-Serpent] Magma Ball
3950174,[Man-Serpent] Magma Ball
3950175,[Man-Serpent] Magma Ball
3950176,[Man-Serpent] Magma Ball
3950180,[Man-Serpent] Poison Spit
3950241,[Man-Serpent] Magma Ball
3950243,[Man-Serpent] Magma Ball
3950245,[Man-Serpent] Magma Pool
3950500,[Man-Serpent] Magic
3950520,[Man-Serpent] Magic
3950600,[Man-Serpent]
3950610,[Man-Serpent]
3950700,[Man-Serpent]
3950750,[Man-Serpent]
3950751,[Man-Serpent]
3970300,[Azula Beastman]
3970301,[Azula Beastman]
3970302,[Azula Beastman]
3970303,[Azula Beastman]
3970310,[Azula Beastman]
3970311,[Azula Beastman]
3970312,[Azula Beastman]
3970313,[Azula Beastman]
3970400,[Azula Beastman]
3970401,[Azula Beastman]
3970402,[Azula Beastman]
3970403,[Azula Beastman]
3970410,[Azula Beastman]
3970411,[Azula Beastman]
3970412,[Azula Beastman]
3970413,[Azula Beastman]
3970700,[Azula Beastman]
3970701,[Azula Beastman]
3970702,[Azula Beastman]
3970703,[Azula Beastman]
3970710,[Azula Beastman]
3970711,[Azula Beastman]
3970800,[Azula Beastman]
3970801,[Azula Beastman]
3970802,[Azula Beastman]
3970803,[Azula Beastman]
3970804,[Azula Beastman]
3970805,[Azula Beastman]
4000320,[Revenant Follower]
4000600,[Revenant Follower]
4000760,[Revenant Follower]
4000860,[Revenant Follower]
4020140,[Royal Revenant]
4020141,[Royal Revenant]
4020142,[Royal Revenant]
4020230,[Royal Revenant]
4020231,[Royal Revenant]
4020232,[Royal Revenant]
4040100,[Slug] Spit
4040101,[Slug] UN
4040150,[Slug] Fire
4040151,[Slug] Fire Pool
4040160,[Slug] Slow Spit
4040170,[Slug] Flamethrower
4070090,[Wolf]
4070700,[Wolf]
4070710,[Wolf]
4070720,[Wolf]
4070730,[Wolf]
4070800,[Wolf]
4100230,[Demi-Human]
4100231,[Demi-Human]
4100235,[Demi-Human]
4100236,[Demi-Human]
4100410,[Demi-Human]
4100411,[Demi-Human]
4100415,[Demi-Human]
4100416,[Demi-Human]
4100900,[Demi-Human]
4101900,[Large Demi-Human]
4110900,[Demi-Human Shaman]
4120900,[Demi-Human Chief]
4130102,[Demi-Human Queen]
4130136,[Demi-Human Queen]
4130140,[Demi-Human Queen]
4130151,[Demi-Human Queen]
4130182,[Demi-Human Queen]
4130183,[Demi-Human Queen]
4130300,[Demi-Human Queen]
4130301,[Demi-Human Queen]
4130302,[Demi-Human Queen]
4130303,[Demi-Human Queen]
4130304,[Demi-Human Queen]
4130910,[Demi-Human Queen]
4140140,[Snail] Poison Spit
4140141,[Snail]
4140150,[Snail] Poison Spit
4140151,[Snail]
4140160,[Snail] Poison Cloud
4140161,[Snail] Poison Cloud
4140220,[Snail] Icecrag
4140300,[Snail] Magic Spit
4140301,[Snail]
4140510,[Snail]
4140800,[Snail]
4140801,[Snail] Crystal Floor
4140802,[Snail] Crystal Floor
4140810,[Snail]
4140811,[Snail]
4140812,[Snail] Crystal Floor
4140813,[Snail] Crystal Floor
4140820,[Snail]
4140821,[Snail]
4140822,[Snail]
4140823,[Snail] Crystal Floor
4140824,[Snail] Crystal Floor
4140830,[Snail]
4140831,[Snail]
4140832,[Snail]
4140833,[Snail]
4140834,[Snail] Crystal Floor
4140835,[Snail] Crystal Floor
4140840,[Snail]
4140841,[Snail]
4140842,[Snail]
4140843,[Snail]
4140844,[Snail]
4140845,[Snail] Crystal Floor
4140846,[Snail] Crystal Floor
4140850,[Snail]
4140851,[Snail]
4140852,[Snail]
4140853,[Snail]
4140854,[Snail]
4140855,[Snail]
4140856,[Snail] Crystal Floor
4140857,[Snail] Crystal Floor
4140860,[Snail]
4140861,[Snail]
4140862,[Snail]
4140863,[Snail]
4140864,[Snail]
4140865,[Snail]
4140866,[Snail]
4140867,[Snail] Crystal Floor
4140868,[Snail] Crystal Floor
4140890,[Snail]
4140891,[Snail]
4140892,[Snail]
4140893,[Snail]
4140894,[Snail]
4140895,[Snail]
4140896,[Snail]
4140900,[Snail]
4140901,[Snail]
4150100,[Basilisk]
4150101,[Basilisk]
4150102,[Basilisk]
4150110,[Basilisk]
4150111,[Basilisk]
4170121,
4180050,[Jellyfish]
4180051,[Jellyfish]
4180100,[Jellyfish]
4190110,[Scarab 1]
4190200,[Scarab 1]
4190300,[Scarab 1]
4190400,[Scarab 1]
4190401,[Scarab 1]
4190410,[Scarab 1]
4190411,[Scarab 1]
4190420,[Scarab 1]
4190421,[Scarab 1]
4191200,[Scarab 2]
4191300,[Scarab 2]
4191400,[Scarab 2]
4191401,[Scarab 2]
4191410,[Scarab 2]
4191411,[Scarab 2]
4191420,[Scarab 2]
4191421,[Scarab 2]
4192110,[Scarab 3]
4192200,[Scarab 3]
4192300,[Scarab 3]
4192400,[Scarab 3]
4192401,[Scarab 3]
4192410,[Scarab 3]
4192411,[Scarab 3]
4192420,[Scarab 3]
4192421,[Scarab 3]
4200260,[Man-Bat]
4200320,[Man-Bat]
4201111,[Operatic Bat]
4201130,[Operatic Bat]
4201131,[Operatic Bat]
4201132,[Operatic Bat]
4201133,[Operatic Bat]
4201140,[Operatic Bat]
4201141,[Operatic Bat]
4201142,[Operatic Bat]
4201143,[Operatic Bat]
4201144,[Operatic Bat]
4201145,[Operatic Bat]
4201146,[Operatic Bat]
4201200,[Operatic Bat]
4201201,[Operatic Bat]
4201202,[Operatic Bat]
4201203,[Operatic Bat]
4201210,[Operatic Bat]
4201211,[Operatic Bat]
4201212,[Operatic Bat]
4201213,[Operatic Bat]
4201214,[Operatic Bat]
4201215,[Operatic Bat]
4201216,[Operatic Bat]
4201231,[Operatic Bat]
4201280,[Operatic Bat]
4201281,[Operatic Bat]
4201282,[Operatic Bat]
4201283,[Operatic Bat]
4201284,[Operatic Bat]
4201285,[Operatic Bat]
4201286,[Operatic Bat]
4201287,[Operatic Bat]
4201288,[Operatic Bat]
4201990,[Operatic Bat]
4210200,[Warhawk]
4210201,[Warhawk]
4210220,[Warhawk]
4210221,[Warhawk]
4210225,[Warhawk] 
4210550,[Warhawk]
4210860,[Warhawk]
4220220,[Giant Land Octopus]
4220221,[Giant Land Octopus]
4240400,[Giant Fingercreeper 1]
4240401,[Giant Fingercreeper 1]
4240402,[Giant Fingercreeper 1]
4241400,[Giant Fingercreeper 2]
4241401,[Giant Fingercreeper 2]
4241402,[Giant Fingercreeper 2]
4260240,[Erdtree Burial Watchdog]
4260241,[Erdtree Burial Watchdog]
4260242,[Erdtree Burial Watchdog]
4260243,[Erdtree Burial Watchdog]
4260310,[Erdtree Burial Watchdog]
4260330,[Erdtree Burial Watchdog]
4260331,[Erdtree Burial Watchdog]
4260340,[Erdtree Burial Watchdog]
4260341,[Erdtree Burial Watchdog]
4260345,[Erdtree Burial Watchdog]
4260346,[Erdtree Burial Watchdog]
4260350,[Erdtree Burial Watchdog]
4260351,[Erdtree Burial Watchdog]
4260352,[Erdtree Burial Watchdog]
4260353,[Erdtree Burial Watchdog]
4260354,[Erdtree Burial Watchdog]
4260355,[Erdtree Burial Watchdog]
4260356,[Erdtree Burial Watchdog]
4260360,[Erdtree Burial Watchdog]
4260370,[Erdtree Burial Watchdog]
4260371,[Erdtree Burial Watchdog]
4260375,[Erdtree Burial Watchdog]
4260376,[Erdtree Burial Watchdog]
4260400,[Erdtree Burial Watchdog]
4260410,[Erdtree Burial Watchdog]
4270180,[Elder Lion]
4270240,[Elder Lion]
4270350,[Elder Lion]
4270355,[Elder Lion]
4270356,[Elder Lion]
4280140,[Giant Ant]
4280141,[Giant Ant]
4280142,[Giant Ant]
4280143,[Giant Ant]
4280300,[Giant Ant]
4280310,[Giant Ant]
4280320,[Giant Ant]
4280321,[Giant Ant]
4280510,[Giant Ant]
4280520,[Giant Ant]
4300300,[Wandering Noble]
4300320,[Wandering Noble]
4300330,[Wandering Noble]
4300410,[Wandering Noble]
4300411,[Wandering Noble]
4300412,[Wandering Noble]
4300413,[Wandering Noble]
4300414,[Wandering Noble]
4300415,[Wandering Noble]
4300416,[Wandering Noble]
4300417,[Wandering Noble]
4300418,[Wandering Noble]
4300419,[Wandering Noble]
4300600,[Wandering Noble]
4300700,[Wandering Noble] Explosion
4310160,[Castle Soldier]
4310161,[Castle Soldier]
4310162,[Castle Soldier]
4310163,[Castle Soldier]
4310164,[Castle Soldier]
4310170,[Castle Soldier]
4310171,[Castle Soldier]
4310300,[Castle Soldier]
4310310,[Castle Soldier]
4310320,[Castle Soldier]
4310400,[Castle Soldier]
4310410,[Castle Soldier]
4310420,[Castle Soldier]
4310510,[Castle Soldier]
4310650,[Castle Soldier]
4310651,[Castle Soldier]
4310652,[Castle Soldier]
4310900,[Castle Soldier]
4310901,[Castle Soldier]
4310902,[Castle Soldier]
4310903,[Castle Soldier]
4310904,[Castle Soldier]
4310910,[Castle Soldier]
4310911,[Castle Soldier]
4310920,[Castle Soldier]
4310930,[Castle Soldier]
4310940,[Castle Soldier]
4310941,[Castle Soldier]
4310942,[Castle Soldier]
4310943,[Castle Soldier]
4310950,[Castle Soldier]
4310951,[Castle Soldier]
4310960,[Castle Soldier]
4321700,[Vulgar Militia]
4321701,[Vulgar Militia]
4321710,[Vulgar Militia]
4321711,[Vulgar Militia]
4321720,[Vulgar Militia]
4321730,[Vulgar Militia]
4321750,[Vulgar Militia]
4321751,[Vulgar Militia]
4321752,[Vulgar Militia]
4321753,[Vulgar Militia]
4321754,[Vulgar Militia]
4321755,[Vulgar Militia]
4321756,[Vulgar Militia]
4321850,[Vulgar Militia]
4321851,[Vulgar Militia]
4321852,[Vulgar Militia]
4321853,[Vulgar Militia]
4321854,[Vulgar Militia]
4321855,[Vulgar Militia]
4321856,[Vulgar Militia]
4321900,[Vulgar Militia]
4321901,[Vulgar Militia]
4340180,[Mad Pumpkin Head]
4340190,[Mad Pumpkin Head]
4340191,[Mad Pumpkin Head]
4340192,[Mad Pumpkin Head]
4340200,[Mad Pumpkin Head]
4340210,[Mad Pumpkin Head]
4340370,[Mad Pumpkin Head]
4340510,[Mad Pumpkin Head]
4340520,[Mad Pumpkin Head]
4340600,[Mad Pumpkin Head]
4340601,[Mad Pumpkin Head]
4340602,[Mad Pumpkin Head]
4340610,[Mad Pumpkin Head]
4340611,[Mad Pumpkin Head]
4340612,[Mad Pumpkin Head]
4340620,[Mad Pumpkin Head]
4340621,[Mad Pumpkin Head]
4340622,[Mad Pumpkin Head]
4340630,[Mad Pumpkin Head]
4340631,[Mad Pumpkin Head]
4340632,[Mad Pumpkin Head]
4341180,[Mad Pumpkin Head (Thin)]
4341190,[Mad Pumpkin Head (Thin)]
4341191,[Mad Pumpkin Head (Thin)]
4341192,[Mad Pumpkin Head (Thin)]
4341200,[Mad Pumpkin Head (Thin)]
4341210,[Mad Pumpkin Head (Thin)]
4341370,[Mad Pumpkin Head (Thin)]
4341510,[Mad Pumpkin Head (Thin)]
4341520,[Mad Pumpkin Head (Thin)]
4350220,[Castle Knight]
4350280,[Castle Knight]
4350281,[Castle Knight]
4350282,[Castle Knight]
4350283,[Castle Knight]
4350284,[Castle Knight]
4350301,[Castle Knight]
4350302,[Castle Knight]
4350315,[Castle Knight]
4350316,[Castle Knight]
4350317,[Castle Knight]
4350318,[Castle Knight]
4350330,[Castle Knight]
4350360,[Castle Knight]
4350550,[Castle Knight]
4350560,[Castle Knight] Wrath
4350570,[Castle Knight]
4350571,[Castle Knight]
4350572,[Castle Knight]
4350573,[Castle Knight]
4350590,[Castle Knight] Warcry
4350610,[Castle Knight] Spear Toss
4350650,[Castle Knight]
4350655,[Castle Knight]
4350660,[Castle Knight]
4350670,[Castle Knight] Radahn's Spear
4350671,[Castle Knight] Radahn's Spear Crit
4350680,[Castle Knight] Rain of Arrows
4350681,[Castle Knight] Rain of Arrows
4350682,[Castle Knight] Rain of Arrows
4350683,[Castle Knight] Rain of Arrows
4350684,[Castle Knight] Rain of Arrows
4350685,[Castle Knight] Rain of Arrows
4350780,[Castle Knight]
4350790,[Castle Knight]
4350791,[Castle Knight]
4350810,[Castle Knight]
4350811,[Castle Knight]
4350820,[Castle Knight]
4350821,[Castle Knight]
4350822,[Castle Knight]
4350823,[Castle Knight]
4350824,[Castle Knight]
4370110,[Castle Foot Soldier]
4370111,[Castle Foot Soldier]
4370120,[Castle Foot Soldier]
4370121,[Castle Foot Soldier]
4370130,[Castle Foot Soldier]
4370131,[Castle Foot Soldier]
4370132,[Castle Foot Soldier]
4370133,[Castle Foot Soldier]
4370134,[Castle Foot Soldier]
4370135,[Castle Foot Soldier]
4370136,[Castle Foot Soldier]
4370137,[Castle Foot Soldier]
4370140,[Castle Foot Soldier]
4370141,[Castle Foot Soldier]
4370150,[Castle Foot Soldier]
4370260,[Castle Foot Soldier]
4370270,[Castle Foot Soldier]
4370271,[Castle Foot Soldier]
4370280,[Castle Foot Soldier]
4370281,[Castle Foot Soldier]
4370290,[Castle Foot Soldier]
4370291,[Castle Foot Soldier]
4370292,[Castle Foot Soldier]
4370370,[Castle Foot Soldier]
4370371,[Castle Foot Soldier]
4370372,[Castle Foot Soldier]
4370373,[Castle Foot Soldier]
4370704,[Castle Foot Soldier]
4370705,[Castle Foot Soldier]
4370900,[Castle Foot Soldier]
4380160,[Starcaller]
4380161,[Starcaller]
4380162,[Starcaller]
4380170,[Starcaller]
4380171,[Starcaller]
4380172,[Starcaller]
4380180,[Starcaller]
4380181,[Starcaller]
4380182,[Starcaller]
4380190,[Starcaller]
4380191,[Starcaller]
4380192,[Starcaller]
4380252,[Starcaller]
4380253,[Starcaller]
4380261,[Starcaller]
4380271,[Starcaller]
4380281,[Starcaller]
4381180,[Guilty]
4381181,[Guilty]
4381182,[Guilty]
4381190,[Guilty]
4381191,[Guilty]
4381192,[Guilty]
4381193,[Guilty]
4381194,[Guilty]
4381195,[Guilty]
4382140,[Guilty]
4382150,[Guilty]
4382240,[Stonedigger]
4382250,[Stonedigger]
4382251,[Stonedigger]
4382260,[Stonedigger]
4382261,[Stonedigger]
4382270,[Stonedigger]
4382271,[Stonedigger]
4382280,[Stonedigger]
4382290,[Stonedigger]
4382291,[Stonedigger]
4382300,[Stonedigger]
4383141,[Glintstone Digger 1]
4383151,[Glintstone Digger 1]
4383160,[Glintstone Digger 1]
4383170,[Glintstone Digger 1]
4383171,[Glintstone Digger 1]
4383172,[Glintstone Digger 1]
4383173,[Glintstone Digger 1]
4383180,[Glintstone Digger 1]
4383181,[Glintstone Digger 1]
4383182,[Glintstone Digger 1]
4383183,[Glintstone Digger 1]
4383184,[Glintstone Digger 1]
4383185,[Glintstone Digger 1]
4383186,[Glintstone Digger 1]
4384141,[Glintstone Digger 2]
4384151,[Glintstone Digger 2]
4384162,[Glintstone Digger 2]
4385330,[Disciple of Rot]
4385331,[Disciple of Rot]
4385332,[Disciple of Rot]
4385333,[Disciple of Rot]
4385334,[Disciple of Rot]
4385340,[Disciple of Rot]
4385341,[Disciple of Rot]
4385342,[Disciple of Rot]
4385343,[Disciple of Rot]
4385350,[Disciple of Rot]
4385351,[Disciple of Rot]
4385352,[Disciple of Rot]
4385353,[Disciple of Rot]
4385360,[Disciple of Rot]
4385361,[Disciple of Rot]
4385362,[Disciple of Rot]
4385363,[Disciple of Rot]
4385370,[Disciple of Rot]
4385371,[Disciple of Rot]
4385372,[Disciple of Rot]
4385373,[Disciple of Rot]
4410400,
4410401,
4410402,
4420200,[Giant Crayfish]
4420210,[Giant Crayfish]
4420220,[Giant Crayfish]
4420230,[Giant Crayfish]
4420240,[Giant Crayfish]
4430200,[Watcher Stones]
4430300,[Watcher Stones]
4440100,[Land Squirt]
4440110,[Land Squirt]
4440130,[Land Squirt]
4440131,[Land Squirt]
4440132,[Land Squirt]
4440200,[Land Squirt] Bullet
4440210,[Land Squirt] Bullet
4441200,[Giant Land Squirt 1]
4441201,[Giant Land Squirt 1]
4441210,[Giant Land Squirt 1]
4441230,[Giant Land Squirt 1]
4441231,[Giant Land Squirt 1]
4441232,[Giant Land Squirt 1]
4442300,[Giant Land Squirt 2]
4442301,[Giant Land Squirt 2]
4442310,[Giant Land Squirt 2]
4442330,[Giant Land Squirt 2]
4442331,[Giant Land Squirt 2]
4442332,[Giant Land Squirt 2]
4450050,[Walking Mausoleum]
4450200,[Walking Mausoleum]
4450210,[Walking Mausoleum]
4450211,[Walking Mausoleum]
4450212,[Walking Mausoleum]
4450220,[Walking Mausoleum]
4450221,[Walking Mausoleum]
4450222,[Walking Mausoleum]
4450230,[Walking Mausoleum]
4450240,[Walking Mausoleum]
4450241,[Walking Mausoleum]
4450242,[Walking Mausoleum]
4450243,[Walking Mausoleum]
4450244,[Walking Mausoleum]
4450250,[Walking Mausoleum]
4450410,[Walking Mausoleum]
4450411,[Walking Mausoleum]
4450412,[Walking Mausoleum]
4450413,[Walking Mausoleum]
4450414,[Walking Mausoleum]
4450415,[Walking Mausoleum]
4450416,[Walking Mausoleum]
4450417,[Walking Mausoleum]
4450419,[Walking Mausoleum]
4460000,[Flame Chariot] Fire Spit
4460010,[Flame Chariot] Fire Ball
4460011,[Flame Chariot] Fire Ball
4460020,[Flame Chariot] Fire Spit
4460980,[Flame Chariot]
4460981,[Flame Chariot]
4460982,[Flame Chariot]
4460983,[Flame Chariot]
4460984,[Flame Chariot]
4480130,[Miranda Blossom]
4480131,[Miranda Blossom]
4480132,[Miranda Blossom]
4480133,[Miranda Blossom]
4480134,[Miranda Blossom]
4480135,[Miranda Blossom]
4480190,[Miranda Blossom]
4480191,[Miranda Blossom]
4480400,[Miranda Blossom]
4480401,[Miranda Blossom]
4480410,[Miranda Blossom]
4480411,[Miranda Blossom]
4480420,[Miranda Blossom]
4480421,[Miranda Blossom]
4480430,[Miranda Blossom]
4480431,[Miranda Blossom]
4480500,[Miranda Blossom]
4480501,[Miranda Blossom]
4480510,[Miranda Blossom]
4480511,[Miranda Blossom]
4480520,[Miranda Blossom]
4480521,[Miranda Blossom]
4480530,[Miranda Blossom]
4480531,[Miranda Blossom]
4481400,[Miranda Sprout]
4481401,[Miranda Sprout]
4481410,[Miranda Sprout]
4481411,[Miranda Sprout]
4481420,[Miranda Sprout]
4481421,[Miranda Sprout]
4481430,[Miranda Sprout]
4481431,[Miranda Sprout]
4481500,[Miranda Sprout]
4481501,[Miranda Sprout]
4481510,[Miranda Sprout]
4481511,[Miranda Sprout]
4481520,[Miranda Sprout]
4481521,[Miranda Sprout]
4481531,[Miranda Sprout]
4481600,[Miranda Sprout]
4481610,[Miranda Sprout]
4481620,[Miranda Sprout]
4481630,[Miranda Sprout]
4481700,[Miranda Sprout]
4481705,[Miranda Sprout]
4481900,[Miranda Sprout]
4481901,[Miranda Sprout]
4481910,[Miranda Sprout]
4481911,[Miranda Sprout]
4481920,[Miranda Sprout]
4481921,[Miranda Sprout]
4481930,[Miranda Sprout]
4481931,[Miranda Sprout]
4490171,[Greatjar]
4490181,[Greatjar]
4490182,[Greatjar]
4490183,[Greatjar]
4491300,[Living Jar]
4500100,[Dragon Fire] Fire Sideways
4500101,[Dragon Fire] Fire Sideways
4500110,[Dragon] Fire Forwards
4500151,[Dragon]
4500161,[Dragon]
4500201,[Dragon]
4500211,[Dragon]
4500223,[Dragon]
4500224,[Dragon]
4500230,[Dragon] Fire Flying
4500231,[Dragon]
4500232,[Dragon]
4500240,[Dragon] Fire Flying
4500241,[Dragon]
4500242,[Dragon]
4500271,[Dragon]
4500281,[Dragon]
4500290,[Dragon] Fire Flying Forward
4500291,[Dragon]
4500292,[Dragon]
4500300,[Dragon] Fire Flying Forward
4500301,[Dragon]
4500302,[Dragon]
4500311,[Dragon]
4500320,[Dragon]
4500321,[Dragon]
4500330,[Dragon] Fire Flying Down
4500331,[Dragon]
4500332,[Dragon]
4500340,[Dragon] Fire Flying Down
4500341,[Dragon]
4500342,[Dragon]
4500911,[Dragon]
4501100,[Dragon Rot] Fire Sideways
4501101,[Dragon Rot] Fire Sideways
4501110,[Dragon] Fire Forwards
4501151,[Dragon 2]
4501161,[Dragon 2]
4501201,[Dragon 2]
4501202,[Dragon 2]
4501211,[Dragon 2]
4501212,[Dragon 2]
4501223,[Dragon 2]
4501224,[Dragon 2]
4501230,[Dragon 2]
4501231,[Dragon 2]
4501232,[Dragon 2]
4501240,[Dragon 2]
4501241,[Dragon 2]
4501242,[Dragon 2]
4501271,[Dragon 2]
4501272,[Dragon 2]
4501281,[Dragon 2]
4501282,[Dragon 2]
4501290,[Dragon 2]
4501291,[Dragon 2]
4501292,[Dragon 2]
4501300,[Dragon 2]
4501301,[Dragon 2]
4501302,[Dragon 2]
4501311,[Dragon 2]
4501312,[Dragon 2]
4501320,[Dragon 2]
4501321,[Dragon 2]
4501330,[Dragon 2]
4501331,[Dragon 2]
4501332,[Dragon 2]
4501340,[Dragon 2]
4501341,[Dragon 2]
4501342,[Dragon 2]
4501400,[Dragon 2]
4501401,[Dragon 2]
4501410,[Dragon 2]
4501411,[Dragon 2]
4502100,[Dragon Magic] Fire Sideways
4502101,[Dragon Magic] Fire Sideways
4502110,[Dragon] Fire Forwards
4502151,[Dragon 3]
4502161,[Dragon 3]
4502201,[Dragon 3]
4502211,[Dragon 3]
4502223,[Dragon 3]
4502224,[Dragon 3]
4502230,[Dragon 3]
4502231,[Dragon 3]
4502232,[Dragon 3]
4502240,[Dragon 3]
4502241,[Dragon 3]
4502242,[Dragon 3]
4502271,[Dragon 3]
4502281,[Dragon 3]
4502290,[Dragon 3]
4502291,[Dragon 3]
4502292,[Dragon 3]
4502300,[Dragon 3]
4502301,[Dragon 3]
4502302,[Dragon 3]
4502311,[Dragon 3]
4502320,[Dragon 3]
4502321,[Dragon 3]
4502330,[Dragon 3]
4502331,[Dragon 3]
4502332,[Dragon 3]
4502340,[Dragon 3]
4502341,[Dragon 3]
4502342,[Dragon 3]
4502420,[Dragon 3]
4502421,[Dragon 3]
4502422,[Dragon 3]
4502423,[Dragon 3]
4502430,[Dragon 3]
4502431,[Dragon 3]
4502432,[Dragon 3]
4502433,[Dragon 3]
4502440,[Dragon 3]
4502441,[Dragon 3]
4502442,[Dragon 3]
4502443,[Dragon 3]
4502451,[Dragon 3]
4502460,[Dragon 3]
4502461,[Dragon 3]
4503100,[Dragon Frost] Fire Sideways
4503101,[Dragon Frost] Fire Sideways
4503110,[Dragon] Fire Forwards
4503151,[Dragon 4]
4503161,[Dragon 4]
4503201,[Dragon 4]
4503202,[Dragon 4]
4503211,[Dragon 4]
4503212,[Dragon 4]
4503223,[Dragon 4]
4503224,[Dragon 4]
4503230,[Dragon 4]
4503231,[Dragon 4]
4503232,[Dragon 4]
4503240,[Dragon 4]
4503241,[Dragon 4]
4503242,[Dragon 4]
4503271,[Dragon 4]
4503272,[Dragon 4]
4503281,[Dragon 4]
4503282,[Dragon 4]
4503290,[Dragon 4]
4503291,[Dragon 4]
4503292,[Dragon 4]
4503300,[Dragon 4]
4503301,[Dragon 4]
4503302,[Dragon 4]
4503311,[Dragon 4]
4503312,[Dragon 4]
4503320,[Dragon 4]
4503321,[Dragon 4]
4503330,[Dragon 4]
4503331,[Dragon 4]
4503332,[Dragon 4]
4503340,[Dragon 4]
4503341,[Dragon 4]
4503342,[Dragon 4]
4503470,[Dragon 4]
4503471,[Dragon 4]
4503472,[Dragon 4]
4503480,[Dragon 4]
4510171,[Ancient Dragon]
4510181,[Ancient Dragon]
4510191,[Ancient Dragon]
4510192,[Ancient Dragon]
4510200,[Ancient Dragon]
4510201,[Ancient Dragon]
4510205,[Ancient Dragon]
4510241,[Ancient Dragon]
4510252,[Ancient Dragon]
4510253,[Ancient Dragon]
4510290,[Ancient Dragon] Fire Forward
4510330,[Ancient Dragon] Fire Breath Down
4510340,[Ancient Dragon] Fire Breath Down
4510341,[Ancient Dragon] Fire Breath Down AoE
4510390,[Ancient Dragon] Death Lightning Spread
4510391,[Ancient Dragon] Death Lightning Alert
4510392,[Ancient Dragon] Death Lightning Strike
4510393,[Ancient Dragon] Death Lightning Cloud
4510399,[Ancient Dragon]
4510500,[Ancient Dragon] Stake Slam Wave
4510501,[Ancient Dragon] Stake Slam Wave
4510502,[Ancient Dragon] Stake Slam Wave
4510503,[Ancient Dragon] Stake Slam Wave
4510504,[Ancient Dragon] Stake Slam Wave
4510505,[Ancient Dragon] Stake Slam Wave
4510506,[Ancient Dragon] Stake Slam Wave
4510507,[Ancient Dragon] Stake Slam Wave
4510508,[Ancient Dragon] Stake Slam Wave
4510509,[Ancient Dragon] Stake Slam Wave
4510510,[Ancient Dragon] Stake Slam Wave
4510511,[Ancient Dragon] Stake Slam Wave
4510512,[Ancient Dragon] Stake Slam Wave
4510513,[Ancient Dragon] Stake Slam Wave
4510514,[Ancient Dragon] Stake Slam Wave
4510515,[Ancient Dragon] Stake Slam Wave
4510516,[Ancient Dragon] Stake Slam Wave
4510517,[Ancient Dragon] Stake Slam Wave
4510518,[Ancient Dragon] Stake Slam Wave
4510519,[Ancient Dragon] Stake Slam Wave
4510520,[Ancient Dragon] Stake Slam Wave
4510521,[Ancient Dragon] Stake Slam Wave
4510522,[Ancient Dragon] Stake Slam Wave
4510523,[Ancient Dragon] Stake Slam Wave
4510524,[Ancient Dragon] Stake Slam Wave
4510525,[Ancient Dragon] Stake Slam Wave
4510526,[Ancient Dragon] Stake Slam Wave
4510527,[Ancient Dragon] Stake Slam Wave
4510528,[Ancient Dragon] Stake Slam Wave
4510529,[Ancient Dragon] Stake Slam Wave
4510800,[Ancient Dragon] Stake Slame AoE
4510801,[Ancient Dragon] Stake Slam Wave Direction 1
4510802,[Ancient Dragon] Stake Slam Wave Direction 2
4510803,[Ancient Dragon] Stake Slam Wave Direction 3
4510804,[Ancient Dragon] Stake Slam Wave Direction 4
4510810,[Ancient Dragon]
4510811,[Ancient Dragon]
4510820,[Ancient Dragon]
4510821,[Ancient Dragon]
4510822,[Ancient Dragon]
4510830,[Ancient Dragon]
4510831,[Ancient Dragon]
4510832,[Ancient Dragon]
4510840,[Ancient Dragon]
4510841,[Ancient Dragon]
4510842,[Ancient Dragon]
4510843,[Ancient Dragon]
4510844,[Ancient Dragon]
4510845,[Ancient Dragon]
4510846,[Ancient Dragon]
4510847,[Ancient Dragon]
4510848,[Ancient Dragon]
4510849,[Ancient Dragon]
4510850,[Ancient Dragon]
4510851,[Ancient Dragon]
4510852,[Ancient Dragon]
4510853,[Ancient Dragon]
4510854,[Ancient Dragon]
4510855,[Ancient Dragon]
4510856,[Ancient Dragon]
4510857,[Ancient Dragon]
4510858,[Ancient Dragon]
4510859,[Ancient Dragon]
4510860,[Ancient Dragon]
4510861,[Ancient Dragon]
4510862,[Ancient Dragon]
4510863,[Ancient Dragon]
4510864,[Ancient Dragon]
4510865,[Ancient Dragon]
4510866,[Ancient Dragon]
4510867,[Ancient Dragon]
4510868,[Ancient Dragon]
4510869,[Ancient Dragon]
4510870,[Ancient Dragon]
4510900,[Ancient Dragon]
4510910,[Ancient Dragon]
4510911,[Ancient Dragon]
4510912,[Ancient Dragon]
4510920,[Ancient Dragon]
4510921,[Ancient Dragon]
4510922,[Ancient Dragon]
4510923,[Ancient Dragon]
4510930,[Ancient Dragon]
4510931,[Ancient Dragon]
4510932,[Ancient Dragon]
4510935,[Ancient Dragon]
4510940,[Ancient Dragon]
4510941,[Ancient Dragon] Hand Slam AoE
4510950,[Ancient Dragon]
4510951,[Ancient Dragon] Hand Slam Moving Shockwave
4510960,[Ancient Dragon] Close Shock Wait
4510961,[Ancient Dragon] Close Shock Wait
4510962,[Ancient Dragon] Close Shock Warn
4510963,[Ancient Dragon] Close Shock Explode
4510970,[Ancient Dragon]
4510971,[Ancient Dragon]
4510972,[Ancient Dragon]
4510980,[Ancient Dragon] Close Trigger Shock
4520105,[Dragonlord Placidusax]
4520115,[Dragonlord Placidusax]
4520215,[Dragonlord Placidusax]
4520225,[Dragonlord Placidusax]
4520265,[Dragonlord Placidusax]
4520275,[Dragonlord Placidusax]
4520320,[Dragonlord Placidusax]
4520321,[Dragonlord Placidusax]
4520325,[Dragonlord Placidusax] Giant Explosion
4520330,[Dragonlord Placidusax]
4520331,[Dragonlord Placidusax]
4520340,[Dragonlord Placidusax] Lightning On Target
4520341,[Dragonlord Placidusax] Lightning Tell
4520342,[Dragonlord Placidusax]
4520343,[Dragonlord Placidusax]
4520345,[Dragonlord Placidusax]
4520346,[Dragonlord Placidusax] Lightning 6 Spread
4520347,[Dragonlord Placidusax] Lightning Tell S
4520348,[Dragonlord Placidusax]
4520349,[Dragonlord Placidusax]
4520460,[Dragonlord Placidusax]
4520461,[Dragonlord Placidusax]
4520462,[Dragonlord Placidusax]
4520465,[Dragonlord Placidusax]
4520466,[Dragonlord Placidusax]
4520467,[Dragonlord Placidusax]
4520500,[Dragonlord Placidusax] Fire
4520501,[Dragonlord Placidusax] Fire
4520505,[Dragonlord Placidusax]
4520506,[Dragonlord Placidusax] Fire
4520510,[Dragonlord Placidusax] Fire
4520511,[Dragonlord Placidusax] Fire
4520515,[Dragonlord Placidusax]
4520516,[Dragonlord Placidusax] Fire
4520800,[Dragonlord Placidusax]
4520801,[Dragonlord Placidusax]
4520802,[Dragonlord Placidusax]
4520803,[Dragonlord Placidusax]
4520810,[Dragonlord Placidusax]
4520811,[Dragonlord Placidusax]
4520812,[Dragonlord Placidusax]
4520813,[Dragonlord Placidusax]
4520900,[Dragonlord Placidusax]
4520901,[Dragonlord Placidusax]
4520902,[Dragonlord Placidusax]
4520903,[Dragonlord Placidusax]
4520920,[Dragonlord Placidusax] Lightning Random Far
4520921,[Dragonlord Placidusax]
4520922,[Dragonlord Placidusax] Lightning Tell R
4520923,[Dragonlord Placidusax]
4520930,[Dragonlord Placidusax]
4520931,[Dragonlord Placidusax]
4520932,[Dragonlord Placidusax]
4520933,[Dragonlord Placidusax]
4520935,[Dragonlord Placidusax]
4520936,[Dragonlord Placidusax]
4520937,[Dragonlord Placidusax]
4520938,[Dragonlord Placidusax]
4520939,[Dragonlord Placidusax]
4520940,[Dragonlord Placidusax]
4520941,[Dragonlord Placidusax]
4520942,[Dragonlord Placidusax]
4520943,[Dragonlord Placidusax]
4520950,[Dragonlord Placidusax]
4520951,[Dragonlord Placidusax]
4520952,[Dragonlord Placidusax]
4520955,[Dragonlord Placidusax]
4520956,[Dragonlord Placidusax]
4520957,[Dragonlord Placidusax]
4550221,[Giant Dog]
4550230,[Giant Dog]
4550231,[Giant Dog]
4550370,[Giant Dog]
4550371,[Giant Dog]
4550372,[Giant Dog]
4550373,[Giant Dog]
4550375,[Giant Dog]
4550950,[Giant Dog]
4550951,[Giant Dog]
4560500,[Giant Crow]
4560501,[Giant Crow]
4560520,[Giant Crow]
4570170,[Wormface]
4570171,[Wormface]
4570172,[Wormface]
4570180,[Wormface]
4570181,[Wormface]
4570190,[Wormface]
4570191,[Wormface]
4570192,[Wormface]
4570193,[Wormface]
4570194,[Wormface]
4570200,[Wormface]
4570210,[Wormface]
4570211,[Wormface]
4570220,[Wormface]
4570221,[Wormface]
4570230,[Wormface]
4570240,[Wormface]
4570250,[Wormface]
4570251,[Wormface]
4570260,[Wormface]
4570261,[Wormface]
4580120,[Wormface 2]
4580121,[Wormface 2]
4580122,[Wormface 2] Curse Cloud End
4580130,[Wormface 2]
4580131,[Wormface 2]
4580132,[Wormface 2]
4580133,[Wormface 2]
4580140,[Wormface 2] Giant Falling Cloud
4580152,[Wormface 2]
4580166,[Wormface 2]
4580173,[Wormface 2]
4580183,[Wormface 2]
4580190,[Wormface 2]
4580191,[Wormface 2]
4580200,[Wormface 2]
4580201,[Wormface 2]
4580211,[Wormface 2]
4580231,[Wormface 2]
4580241,[Wormface 2]
4580270,[Wormface 2]
4580271,[Wormface 2]
4600101,[Troll Knight]
4600103,[Troll Knight]
4600121,[Troll Knight]
4600131,[Troll Knight]
4600141,[Troll Knight]
4600171,[Troll Knight]
4600181,[Troll Knight]
4600202,[Troll Knight]
4600211,[Troll Knight]
4600222,[Troll Knight]
4600251,[Troll Knight]
4600261,[Troll Knight]
4600272,[Troll Knight]
4600311,[Troll Knight]
4600321,[Troll Knight]
4600331,[Troll Knight]
4600342,[Troll Knight]
4600344,[Troll Knight]
4600347,[Troll Knight]
4600351,[Troll Knight]
4600362,[Troll Knight]
4600371,[Troll Knight]
4600381,[Troll Knight]
4600402,[Troll Knight]
4600411,[Troll Knight]
4600422,[Troll Knight]
4600432,[Troll Knight]
4600448,[Troll Knight]
4600449,[Troll Knight]
4600450,[Troll Knight]
4600451,[Troll Knight]
4600452,[Troll Knight]
4600453,[Troll Knight]
4600463,[Troll Knight]
4600464,[Troll Knight]
4600465,[Troll Knight]
4600466,[Troll Knight]
4600471,[Troll Knight]
4600511,[Troll Knight]
4600531,[Troll Knight]
4600533,[Troll Knight]
4600551,[Troll Knight]
4600561,[Troll Knight]
4600571,[Troll Knight]
4600591,[Troll Knight]
4600601,[Troll Knight]
4600611,[Troll Knight]
4600621,[Troll Knight]
4600700,[Troll Knight]
4600701,[Troll Knight]
4600702,[Troll Knight]
4600703,[Troll Knight]
4600704,[Troll Knight]
4600710,[Troll Knight]
4600711,[Troll Knight]
4600712,[Troll Knight]
4600720,[Troll Knight]
4600721,[Troll Knight]
4600722,[Troll Knight]
4600730,[Troll Knight]
4600731,[Troll Knight]
4600732,[Troll Knight]
4600740,[Troll Knight]
4600750,[Troll Knight]
4600760,[Troll Knight]
4600761,[Troll Knight]
4600770,[Troll Knight]
4600771,[Troll Knight]
4600930,[Troll Knight]
4600940,[Troll Knight]
4600950,[Troll Knight]
4600951,[Troll Knight]
4600952,[Troll Knight]
4600960,[Troll Knight]
4600961,[Troll Knight]
4600962,[Troll Knight]
4600970,[Troll Knight]
4600971,[Troll Knight]
4620130,[Astel] Warp Explode
4620220,[Astel] Laser
4620261,[Astel]
4620262,[Astel]
4620510,[Astel] Gravity Quad Pulse 1
4620511,[Astel]
4620520,[Astel] Gravity Quad Pulse 2
4620521,[Astel]
4620522,[Astel]
4620530,[Astel] Gravity Quad Pulse 3
4620531,[Astel]
4620532,[Astel]
4620540,[Astel] Gravity Quad Pulse 4
4620541,[Astel]
4620542,[Astel]
4620560,[Astel] Meteors
4620561,[Astel]
4620562,[Astel]
4620563,[Astel]
4620564,[Astel]
4620565,[Astel]
4620566,[Astel]
4620567,[Astel]
4620570,[Astel] Meteors
4620571,[Astel]
4620572,[Astel]
4620573,[Astel]
4620574,[Astel]
4620575,[Astel]
4620576,[Astel]
4620577,[Astel]
4620580,[Astel] Meteors
4620581,[Astel]
4620582,[Astel]
4620583,[Astel]
4620584,[Astel]
4620585,[Astel]
4620586,[Astel]
4620587,[Astel]
4620590,[Astel] Meteors
4620591,[Astel]
4620592,[Astel]
4620593,[Astel]
4620594,[Astel]
4620595,[Astel]
4620596,[Astel]
4620597,[Astel]
4620600,[Astel]
4620601,[Astel]
4620602,[Astel]
4620603,[Astel]
4620604,[Astel]
4620900,[Astel] Hand Star Linger
4620901,[Astel]
4620902,[Astel]
4620903,[Astel]
4620910,[Astel] Hand Star Linger
4620911,[Astel]
4620912,[Astel]
4620913,[Astel]
4630260,[Runebear]
4630261,[Runebear]
4630500,[Runebear]
4630510,[Runebear]
4630520,[Runebear]
4630530,[Runebear]
4630540,[Runebear]
4630550,[Runebear]
4630560,[Runebear]
4640140,[Ulcerated Tree Spirit]
4640141,[Ulcerated Tree Spirit]
4640145,[Ulcerated Tree Spirit]
4640146,[Ulcerated Tree Spirit]
4640150,[Ulcerated Tree Spirit]
4640151,[Ulcerated Tree Spirit]
4640155,[Ulcerated Tree Spirit]
4640156,[Ulcerated Tree Spirit]
4640280,[Ulcerated Tree Spirit]
4640281,[Ulcerated Tree Spirit]
4640282,[Ulcerated Tree Spirit]
4640283,[Ulcerated Tree Spirit]
4640284,[Ulcerated Tree Spirit]
4640285,[Ulcerated Tree Spirit]
4640315,[Ulcerated Tree Spirit]
4640316,[Ulcerated Tree Spirit]
4640480,[Ulcerated Tree Spirit]
4640481,[Ulcerated Tree Spirit]
4640482,[Ulcerated Tree Spirit]
4640483,[Ulcerated Tree Spirit]
4640484,[Ulcerated Tree Spirit]
4640485,[Ulcerated Tree Spirit]
4640495,[Ulcerated Tree Spirit]
4640496,[Ulcerated Tree Spirit]
4650132,[Dragonkin Soldier]
4650141,[Dragonkin Soldier]
4650152,[Dragonkin Soldier]
4650162,[Dragonkin Soldier]
4650182,[Dragonkin Soldier]
4650194,[Dragonkin Soldier]
4650201,[Dragonkin Soldier]
4650210,[Dragonkin Soldier] Roar
4650211,[Dragonkin Soldier]
4650221,[Dragonkin Soldier]
4650231,[Dragonkin Soldier]
4650240,[Dragonkin Soldier] Phase Shift
4650254,[Dragonkin Soldier]
4650255,[Dragonkin Soldier]
4650256,[Dragonkin Soldier] Uplift
4650264,[Dragonkin Soldier]
4650265,[Dragonkin Soldier]
4650266,[Dragonkin Soldier] Uplift
4650271,[Dragonkin Soldier]
4650281,[Dragonkin Soldier]
4650297,[Dragonkin Soldier]
4650298,[Dragonkin Soldier]
4650299,[Dragonkin Soldier]
4650300,[Dragonkin Soldier]
4650301,[Dragonkin Soldier]
4650432,[Dragonkin Soldier]
4650441,[Dragonkin Soldier]
4650452,[Dragonkin Soldier]
4650462,[Dragonkin Soldier]
4650482,[Dragonkin Soldier]
4650494,[Dragonkin Soldier]
4650502,[Dragonkin Soldier]
4650503,[Dragonkin Soldier]
4650504,[Dragonkin Soldier]
4650505,[Dragonkin Soldier]
4650506,[Dragonkin Soldier]
4650507,[Dragonkin Soldier]
4650508,[Dragonkin Soldier]
4650509,[Dragonkin Soldier]
4650510,[Dragonkin Soldier]
4650511,[Dragonkin Soldier]
4650512,[Dragonkin Soldier]
4650513,[Dragonkin Soldier]
4650514,[Dragonkin Soldier]
4650520,[Dragonkin Soldier]
4650521,[Dragonkin Soldier]
4650522,[Dragonkin Soldier]
4650523,[Dragonkin Soldier]
4650524,[Dragonkin Soldier]
4650525,[Dragonkin Soldier]
4650526,[Dragonkin Soldier]
4650527,[Dragonkin Soldier]
4650528,[Dragonkin Soldier]
4650530,[Dragonkin Soldier]
4650531,[Dragonkin Soldier]
4650532,[Dragonkin Soldier]
4650533,[Dragonkin Soldier]
4650534,[Dragonkin Soldier]
4650535,[Dragonkin Soldier]
4650536,[Dragonkin Soldier]
4650537,[Dragonkin Soldier]
4650538,[Dragonkin Soldier]
4650582,[Dragonkin Soldier]
4650583,[Dragonkin Soldier]
4650584,[Dragonkin Soldier]
4650585,[Dragonkin Soldier]
4650586,[Dragonkin Soldier]
4650587,[Dragonkin Soldier]
4650588,[Dragonkin Soldier]
4650589,[Dragonkin Soldier]
4650590,[Dragonkin Soldier]
4650591,[Dragonkin Soldier]
4650592,[Dragonkin Soldier]
4650593,[Dragonkin Soldier]
4650594,[Dragonkin Soldier]
4650600,[Dragonkin Soldier]
4650601,[Dragonkin Soldier]
4650602,[Dragonkin Soldier]
4650603,[Dragonkin Soldier]
4650604,[Dragonkin Soldier]
4650605,[Dragonkin Soldier]
4650606,[Dragonkin Soldier]
4650607,[Dragonkin Soldier]
4650608,[Dragonkin Soldier]
4650610,[Dragonkin Soldier]
4650611,[Dragonkin Soldier]
4650612,[Dragonkin Soldier]
4650613,[Dragonkin Soldier]
4650614,[Dragonkin Soldier]
4650615,[Dragonkin Soldier]
4650616,[Dragonkin Soldier]
4650617,[Dragonkin Soldier]
4650618,[Dragonkin Soldier]
4650661,[Dragonkin Soldier]
4650670,[Dragonkin Soldier] Roar
4650671,[Dragonkin Soldier]
4650681,[Dragonkin Soldier]
4650694,[Dragonkin Soldier]
4650695,[Dragonkin Soldier]
4650696,[Dragonkin Soldier] Uplift
4650704,[Dragonkin Soldier]
4650705,[Dragonkin Soldier]
4650706,[Dragonkin Soldier] Uplift
4650711,[Dragonkin Soldier] Ice Lightning Stake
4650712,[Dragonkin Soldier]
4650720,[Dragonkin Soldier]
4650721,[Dragonkin Soldier]
4650722,[Dragonkin Soldier]
4650723,[Dragonkin Soldier]
4650724,[Dragonkin Soldier]
4650725,[Dragonkin Soldier]
4650726,[Dragonkin Soldier]
4650727,[Dragonkin Soldier]
4650728,[Dragonkin Soldier]
4650729,[Dragonkin Soldier] Lightning Spread Emitted Fall
4650730,[Dragonkin Soldier] Lightning Spread Tell
4650731,[Dragonkin Soldier] Lightning Spread Explode
4650740,[Dragonkin Soldier]
4650741,[Dragonkin Soldier]
4650742,[Dragonkin Soldier]
4650743,[Dragonkin Soldier]
4650744,[Dragonkin Soldier]
4650745,[Dragonkin Soldier]
4650746,[Dragonkin Soldier]
4650747,[Dragonkin Soldier]
4650748,[Dragonkin Soldier]
4650750,[Dragonkin Soldier]
4650751,[Dragonkin Soldier]
4650752,[Dragonkin Soldier]
4650753,[Dragonkin Soldier]
4650754,[Dragonkin Soldier]
4650755,[Dragonkin Soldier]
4650756,[Dragonkin Soldier]
4650757,[Dragonkin Soldier]
4650758,[Dragonkin Soldier]
4650781,[Dragonkin Soldier]
4650791,[Dragonkin Soldier]
4650807,[Dragonkin Soldier]
4650808,[Dragonkin Soldier]
4650809,[Dragonkin Soldier]
4650810,[Dragonkin Soldier]
4650811,[Dragonkin Soldier]
4650825,[Dragonkin Soldier]
4650826,[Dragonkin Soldier]
4650827,[Dragonkin Soldier]
4650910,[Dragonkin Soldier] Land
4660121,[Guardian Golem]
4660126,[Guardian Golem]
4660310,[Guardian Golem]
4660311,[Guardian Golem]
4660320,[Guardian Golem]
4660321,[Guardian Golem]
4660330,[Guardian Golem]
4660331,[Guardian Golem]
4660500,[Guardian Golem] Arrow
4660502,[Guardian Golem]
4660503,[Guardian Golem] Arrow
4660504,[Guardian Golem] Arrow
4660505,[Guardian Golem] Magic Arrow
4660506,[Guardian Golem]
4660507,[Guardian Golem] Magic Arrow
4660508,[Guardian Golem] Arrow
4660510,[Guardian Golem]
4660514,[Guardian Golem]
4660515,[Guardian Golem]
4660610,[Guardian Golem]
4660611,[Guardian Golem]
4660612,[Guardian Golem]
4660613,[Guardian Golem]
4660614,[Guardian Golem]
4660620,[Guardian Golem]
4660621,[Guardian Golem]
4660622,[Guardian Golem]
4660623,[Guardian Golem]
4660624,[Guardian Golem]
4660630,[Guardian Golem]
4660631,[Guardian Golem]
4660632,[Guardian Golem]
4660633,[Guardian Golem]
4660634,[Guardian Golem]
4660740,[Guardian Golem]
4660741,[Guardian Golem]
4660750,[Guardian Golem]
4660751,[Guardian Golem]
4660752,[Guardian Golem]
4660755,[Guardian Golem]
4660756,[Guardian Golem]
4660757,[Guardian Golem]
4660900,[Guardian Golem]
4670160,[Ancestor Spirit] Running Air Spit
4670161,[Ancestor Spirit] Spit Puddle
4670162,[Ancestor Spirit] Ground Spit
4670180,[Ancestor Spirit]
4670190,[Ancestor Spirit]
4670191,[Ancestor Spirit]
4670210,[Ancestor Spirit] Stomp AoE
4670261,[Ancestor Spirit]
4670290,[Ancestor Spirit] Roll
4670400,[Ancestor Spirit]
4670401,[Ancestor Spirit]
4670402,[Ancestor Spirit]
4670410,[Ancestor Spirit]
4670450,[Ancestor Spirit]
4670470,[Ancestor Spirit]
4670900,[Ancestor Spirit]
4670910,[Ancestor Spirit]
4680135,[Fallingstar Beast] Mouth Rock Shower 1
4680136,[Fallingstar Beast] Mouth Rock Shower 1
4680165,[Fallingstar Beast] Mouth Rock Shower 2
4680166,[Fallingstar Beast] Mouth Rock Shower 2
4680185,[Fallingstar Beast] Feet AoE
4680195,[Fallingstar Beast] Tail Rock 1
4680196,[Fallingstar Beast] Tail Rock 1
4680205,[Fallingstar Beast] Tail Rock 2
4680206,[Fallingstar Beast] Tail Rock 2
4680260,[Fallingstar Beast] Gravity Pullup
4680261,[Fallingstar Beast] Gravity Pullup
4680262,[Fallingstar Beast]
4680263,[Fallingstar Beast] Gravty Pulldown
4680270,[Fallingstar Beast]
4680271,[Fallingstar Beast]
4680280,[Fallingstar Beast]
4680281,[Fallingstar Beast]
4680282,[Fallingstar Beast]
4680285,[Fallingstar Beast]
4680290,[Fallingstar Beast] Ground Pullup
4680295,[Fallingstar Beast] Ground Pullup Small
4680296,[Fallingstar Beast] Ground Pullup Small
4680355,[Fallingstar Beast]
4680356,[Fallingstar Beast]
4680450,[Fallingstar Beast] Ground Pullup Large
4680455,[Fallingstar Beast] Ground Pullup Large
4680456,[Fallingstar Beast] Ground Pullup Large
4690150,[Grafted Scion] Deflect
4690200,[Grafted Scion]
4710311,[God Devouring Serpent / Rykard Lord of Blasphemy] Sword Pullup
4710500,[God Devouring Serpent / Rykard Lord of Blasphemy]
4710501,[God Devouring Serpent / Rykard Lord of Blasphemy]
4710502,[God Devouring Serpent / Rykard Lord of Blasphemy]
4710509,[God Devouring Serpent / Rykard Lord of Blasphemy]
4710510,[God Devouring Serpent / Rykard Lord of Blasphemy]
4710511,[God Devouring Serpent / Rykard Lord of Blasphemy]
4710512,[God Devouring Serpent / Rykard Lord of Blasphemy]
4710513,[God Devouring Serpent / Rykard Lord of Blasphemy]
4710514,[God Devouring Serpent / Rykard Lord of Blasphemy]
4710530,[God Devouring Serpent / Rykard Lord of Blasphemy]
4710540,[God Devouring Serpent / Rykard Lord of Blasphemy] Spit
4710541,[God Devouring Serpent / Rykard Lord of Blasphemy] Spit Gas
4710545,[God Devouring Serpent / Rykard Lord of Blasphemy] Spit
4710550,[God Devouring Serpent / Rykard Lord of Blasphemy] Ground Pullup
4710551,[God Devouring Serpent / Rykard Lord of Blasphemy] Ground Pullup
4710555,[God Devouring Serpent / Rykard Lord of Blasphemy] Ground Pullup Close AoE
4710556,[God Devouring Serpent / Rykard Lord of Blasphemy]
4710557,[God Devouring Serpent / Rykard Lord of Blasphemy]
4710560,[God Devouring Serpent / Rykard Lord of Blasphemy]
4710561,[God Devouring Serpent / Rykard Lord of Blasphemy] Ground Pullup
4710570,[God Devouring Serpent / Rykard Lord of Blasphemy] Fire Blobs
4710571,[God Devouring Serpent / Rykard Lord of Blasphemy] Fire Blobs
4710572,[God Devouring Serpent / Rykard Lord of Blasphemy] Fire Blobs
4710591,[God Devouring Serpent / Rykard Lord of Blasphemy] Fire Blobs 2
4710592,[God Devouring Serpent / Rykard Lord of Blasphemy] Fire Blobs 2
4710593,[God Devouring Serpent / Rykard Lord of Blasphemy] Fire Blobs 2
4710600,[God Devouring Serpent / Rykard Lord of Blasphemy]
4710601,[God Devouring Serpent / Rykard Lord of Blasphemy] Lava
4710610,[God Devouring Serpent / Rykard Lord of Blasphemy]
4710611,[God Devouring Serpent / Rykard Lord of Blasphemy]
4710620,[God Devouring Serpent / Rykard Lord of Blasphemy] Long Exploding Skull 1
4710621,[God Devouring Serpent / Rykard Lord of Blasphemy] Long Exploding Skull 2
4710622,[God Devouring Serpent / Rykard Lord of Blasphemy] Long Exploding Skull 3
4710623,[God Devouring Serpent / Rykard Lord of Blasphemy] Long Exploding Skull 4
4710624,[God Devouring Serpent / Rykard Lord of Blasphemy] Long Exploding Skull Emitted
4710625,[God Devouring Serpent / Rykard Lord of Blasphemy] Long Exploding Emitted Prime
4710626,[God Devouring Serpent / Rykard Lord of Blasphemy] Long Exploding Skull Explode
4710630,[God Devouring Serpent / Rykard Lord of Blasphemy]
4710631,[God Devouring Serpent / Rykard Lord of Blasphemy]
4710632,[God Devouring Serpent / Rykard Lord of Blasphemy]
4710633,[God Devouring Serpent / Rykard Lord of Blasphemy]
4710634,[God Devouring Serpent / Rykard Lord of Blasphemy]
4710635,[God Devouring Serpent / Rykard Lord of Blasphemy]
4710636,[God Devouring Serpent / Rykard Lord of Blasphemy]
4710637,[God Devouring Serpent / Rykard Lord of Blasphemy]
4710638,[God Devouring Serpent / Rykard Lord of Blasphemy]
4710700,[God Devouring Serpent / Rykard Lord of Blasphemy] Ultimate Slam 1
4710701,[God Devouring Serpent / Rykard Lord of Blasphemy] Ultimate Slam 1
4710710,[God Devouring Serpent / Rykard Lord of Blasphemy]
4710711,[God Devouring Serpent / Rykard Lord of Blasphemy]
4710720,[God Devouring Serpent / Rykard Lord of Blasphemy]
4710721,[God Devouring Serpent / Rykard Lord of Blasphemy]
4710730,[God Devouring Serpent / Rykard Lord of Blasphemy] Hit 1
4710750,[God Devouring Serpent / Rykard Lord of Blasphemy] Ultimate Slam 2
4710751,[God Devouring Serpent / Rykard Lord of Blasphemy] Ultimate Slam 2
4710760,[God Devouring Serpent / Rykard Lord of Blasphemy]
4710761,[God Devouring Serpent / Rykard Lord of Blasphemy]
4710780,[God Devouring Serpent / Rykard Lord of Blasphemy]
4710781,[God Devouring Serpent / Rykard Lord of Blasphemy]
4710790,[God Devouring Serpent / Rykard Lord of Blasphemy] Hit 2
4710810,[God Devouring Serpent / Rykard Lord of Blasphemy]
4710811,[God Devouring Serpent / Rykard Lord of Blasphemy]
4710812,[God Devouring Serpent / Rykard Lord of Blasphemy]
4710813,[God Devouring Serpent / Rykard Lord of Blasphemy]
4710814,[God Devouring Serpent / Rykard Lord of Blasphemy]
4710815,[God Devouring Serpent / Rykard Lord of Blasphemy]
4710820,[God Devouring Serpent / Rykard Lord of Blasphemy]
4710821,[God Devouring Serpent / Rykard Lord of Blasphemy]
4710822,[God Devouring Serpent / Rykard Lord of Blasphemy]
4710823,[God Devouring Serpent / Rykard Lord of Blasphemy]
4710824,[God Devouring Serpent / Rykard Lord of Blasphemy]
4710825,[God Devouring Serpent / Rykard Lord of Blasphemy] Skull Small
4710830,[God Devouring Serpent / Rykard Lord of Blasphemy]
4710831,[God Devouring Serpent / Rykard Lord of Blasphemy]
4710832,[God Devouring Serpent / Rykard Lord of Blasphemy]
4710833,[God Devouring Serpent / Rykard Lord of Blasphemy] Skull
4710834,[God Devouring Serpent / Rykard Lord of Blasphemy]
4710835,[God Devouring Serpent / Rykard Lord of Blasphemy]
4710900,[God Devouring Serpent / Rykard Lord of Blasphemy]
4710960,[God Devouring Serpent / Rykard Lord of Blasphemy]
4710961,[God Devouring Serpent / Rykard Lord of Blasphemy]
4710962,[God Devouring Serpent / Rykard Lord of Blasphemy] Lava
4720112,[Godfrey]
4720113,[Godfrey]
4720114,[Godfrey]
4720172,[Godfrey]
4720192,[Godfrey]
4720193,[Godfrey]
4720194,[Godfrey]
4720200,[Godfrey]
4720201,[Godfrey]
4720202,[Godfrey]
4720203,[Godfrey]
4720251,[Godfrey]
4720281,[Godfrey] Phase Shift
4720321,[Godfrey]
4720351,[Godfrey]
4720361,[Godfrey]
4720371,[Godfrey]
4720381,[Godfrey]
4720400,[Godfrey] HUGE 50
4720500,[Godfrey]
4721140,[Hoarah Loux]
4721141,[Hoarah Loux]
4721142,[Hoarah Loux]
4721160,[Hoarah Loux]
4721220,[Hoarah Loux]
4721270,[Hoarah Loux]
4721310,[Hoarah Loux]
4721311,[Hoarah Loux]
4721350,[Hoarah Loux]
4721370,[Hoarah Loux]
4721390,[Hoarah Loux]
4721420,[Hoarah Loux]
4721431,[Hoarah Loux]
4721441,[Hoarah Loux]
4721451,[Hoarah Loux]
4721470,[Hoarah Loux]
4721471,[Hoarah Loux]
4721472,[Hoarah Loux]
4721480,[Hoarah Loux]
4721481,[Hoarah Loux]
4721600,[Hoarah Loux] HUGE 50
4730223,[Starscourge Radahn]
4730224,[Starscourge Radahn] Shockwave AoE
4730225,[Starscourge Radahn]
4730226,[Starscourge Radahn] Shockwave AoE
4730233,[Starscourge Radahn]
4730234,[Starscourge Radahn] Shockwave AoE
4730235,[Starscourge Radahn]
4730236,[Starscourge Radahn] Shockwave AoE
4730331,[Starscourge Radahn] Small Orbs
4730332,[Starscourge Radahn] Small Orbs
4730333,[Starscourge Radahn] Small Orbs
4730334,[Starscourge Radahn] Small Orbs
4730335,[Starscourge Radahn] Small Orbs
4730336,[Starscourge Radahn] Small Orbs Float
4730337,[Starscourge Radahn] Small Orbs Launched
4730342,[Starscourge Radahn] Meteor Launch
4730343,[Starscourge Radahn] Meteor Launch
4730344,[Starscourge Radahn] Meteor Launch
4730345,[Starscourge Radahn] Meteor Launch
4730346,[Starscourge Radahn] Meteor AoE
4730347,[Starscourge Radahn]
4730348,[Starscourge Radahn] Meteor Launch 
4730351,[Starscourge Radahn]
4730352,[Starscourge Radahn] Shockwave AoE
4730353,[Starscourge Radahn]
4730354,[Starscourge Radahn] Shockwave AoE
4730367,[Starscourge Radahn]
4730368,[Starscourge Radahn] Shockwave AoE
4730372,[Starscourge Radahn]
4730373,[Starscourge Radahn] Shockwave AoE
4730374,[Starscourge Radahn]
4730375,[Starscourge Radahn] Shockwave AoE 2
4730376,[Starscourge Radahn] Meteor Spawn 1
4730377,[Starscourge Radahn] Meteor Spawn 2
4730378,[Starscourge Radahn] Meteor Spawn 3
4730379,[Starscourge Radahn] Meteor Spawn 4
4730380,[Starscourge Radahn] Meteor 1
4730381,[Starscourge Radahn] Meteor 2
4730382,[Starscourge Radahn] Meteor 3
4730383,[Starscourge Radahn] Meteor 4
4730384,[Starscourge Radahn] Meteor
4730385,[Starscourge Radahn] Meteor
4730390,[Starscourge Radahn]
4730391,[Starscourge Radahn]
4730392,[Starscourge Radahn]
4730393,[Starscourge Radahn]
4730394,[Starscourge Radahn]
4730401,[Starscourge Radahn] Falling Star
4730410,[Starscourge Radahn] Scattershot
4730411,[Starscourge Radahn] Scattershot
4730420,[Starscourge Radahn]
4730421,[Starscourge Radahn] Arrow Rain Homing
4730422,[Starscourge Radahn]
4730423,[Starscourge Radahn]
4730424,[Starscourge Radahn]
4730426,[Starscourge Radahn]
4730430,[Starscourge Radahn] Fast Bolt
4730431,[Starscourge Radahn] Fast Bolt Crit
4730492,[Starscourge Radahn] Giant AoE Slam
4730643,[Starscourge Radahn] Lightning Spawn AoE
4730644,[Starscourge Radahn] Lightning Spawn AoE
4730645,[Starscourge Radahn] Lightning Ground Shockwave
4730653,[Starscourge Radahn] Lightning Spawn AoE
4730654,[Starscourge Radahn] Lightning Spawn AoE
4730655,[Starscourge Radahn] Lightning Ground Shockwave
4730732,[Starscourge Radahn] Lightning Ground Shockwave
4730751,[Starscourge Radahn] Lightning Ground Shockwave
4730767,[Starscourge Radahn] Lightning Ground Shockwave
4750220,[Godrick the Grafted]
4750221,[Godrick the Grafted]
4750230,[Godrick the Grafted]
4750250,[Godrick the Grafted]
4750262,[Godrick the Grafted]
4750390,[Godrick the Grafted]
4750391,[Godrick the Grafted] Fire Whirlwind
4750392,[Godrick the Grafted]
4750393,[Godrick the Grafted] Fire Whirlwind 2
4750400,[Godrick the Grafted]
4750401,[Godrick the Grafted] Whirlwind
4750402,[Godrick the Grafted]
4750403,[Godrick the Grafted] Whirlwind 2
4750410,[Godrick the Grafted]
4750411,[Godrick the Grafted] Rocks
4750413,[Godrick the Grafted]
4750414,[Godrick the Grafted] Rocks
4750416,[Godrick the Grafted]
4750417,[Godrick the Grafted]
4750418,[Godrick the Grafted]
4750419,[Godrick the Grafted]
4750450,[Godrick the Grafted] Wind Bullet
4750451,[Godrick the Grafted] Fire Wind Bullet
4750462,[Godrick the Grafted]
4750463,[Godrick the Grafted] Explosion
4750470,[Godrick the Grafted] Wind Bullet
4750471,[Godrick the Grafted] Fire Wind Bullet
4750490,[Godrick the Grafted] Fire Volcano
4750491,[Godrick the Grafted] Fire Volcano
4750492,[Godrick the Grafted] Fire Volcano Impact
4750550,[Godrick the Grafted]
4750551,[Godrick the Grafted] Rocks
4750553,[Godrick the Grafted]
4750554,[Godrick the Grafted] Rocks
4750556,[Godrick the Grafted]
4750557,[Godrick the Grafted]
4750558,[Godrick the Grafted]
4750559,[Godrick the Grafted]
4750800,[Godrick the Grafted] Whirlwind Deflect
4750805,[Godrick the Grafted]
4750900,[Godrick the Grafted]
4760051,[Fire Giant] Snow Pullup
4760052,[Fire Giant]
4760053,[Fire Giant]
4760054,[Fire Giant] Snow Pullup Hit
4760062,[Fire Giant] Stomp AoE
4760080,[Fire Giant] Fireball
4760081,[Fire Giant] Fireball Explosion
4760082,[Fire Giant]
4760090,[Fire Giant] Fell Sun
4760091,[Fire Giant]
4760092,[Fire Giant]
4760093,[Fire Giant]
4760094,[Fire Giant] Fell Sun Explosion
4760095,[Fire Giant]
4760096,[Fire Giant]
4760097,[Fire Giant]
4760098,[Fire Giant]
4760099,[Fire Giant] Fell Sun Linger
4760130,[Fire Giant] Fire Pillar Spawn
4760131,[Fire Giant]
4760132,[Fire Giant]
4760133,[Fire Giant] Fire Pillar
4760134,[Fire Giant] Fire Pillar
4760135,[Fire Giant] Fire Pillar
4760171,[Fire Giant]
4760192,[Fire Giant]
4760200,[Fire Giant]
4760210,[Fire Giant]
4760211,[Fire Giant]
4760212,[Fire Giant]
4760215,[Fire Giant] Bullet
4760216,[Fire Giant] Bullet 
4760270,[Fire Giant] Fireball 2
4760271,[Fire Giant]
4760272,[Fire Giant]
4760280,[Fire Giant] Fell Sun 2
4760281,[Fire Giant]
4760282,[Fire Giant]
4760283,[Fire Giant]
4760284,[Fire Giant]
4760285,[Fire Giant]
4760286,[Fire Giant]
4760287,[Fire Giant]
4760288,[Fire Giant]
4760289,[Fire Giant]
4760290,[Fire Giant] Volcano
4760291,[Fire Giant]
4760292,[Fire Giant]
4760293,[Fire Giant]
4760294,[Fire Giant]
4760295,[Fire Giant]
4760300,[Fire Giant] Fire Pillar Spawn
4760301,[Fire Giant]
4760302,[Fire Giant]
4760303,[Fire Giant]
4760304,[Fire Giant]
4760305,[Fire Giant]
4760340,[Fire Giant]
4760341,[Fire Giant]
4760342,[Fire Giant]
4770161,[Valiant Gargoyle] Roar
4770162,[Valiant Gargoyle]
4770163,[Valiant Gargoyle]
4770164,[Valiant Gargoyle]
4770252,[Valiant Gargoyle]
4770253,[Valiant Gargoyle]
4770320,[Valiant Gargoyle]
4770322,[Valiant Gargoyle]
4770323,[Valiant Gargoyle]
4770324,[Valiant Gargoyle]
4770325,[Valiant Gargoyle]
4770352,[Valiant Gargoyle]
4770353,[Valiant Gargoyle]
4770354,[Valiant Gargoyle]
4770355,[Valiant Gargoyle]
4770380,[Valiant Gargoyle]
4770382,[Valiant Gargoyle]
4770383,[Valiant Gargoyle]
4770384,[Valiant Gargoyle]
4770385,[Valiant Gargoyle]
4770392,[Valiant Gargoyle]
4770393,[Valiant Gargoyle]
4770394,[Valiant Gargoyle]
4770395,[Valiant Gargoyle]
4770431,[Valiant Gargoyle] Roar
4770432,[Valiant Gargoyle]
4770433,[Valiant Gargoyle]
4770434,[Valiant Gargoyle]
4770450,[Valiant Gargoyle] Poison Breath - Drop At Feet
4770451,[Valiant Gargoyle] Poison Breath - Large Fog
4770553,[Valiant Gargoyle]
4770554,[Valiant Gargoyle]
4770555,[Valiant Gargoyle]
4770556,[Valiant Gargoyle]
4770605,[Valiant Gargoyle]
4770606,[Valiant Gargoyle]
4770635,[Valiant Gargoyle]
4770636,[Valiant Gargoyle]
4770724,[Valiant Gargoyle]
4770731,[Valiant Gargoyle]
4770732,[Valiant Gargoyle]
4770733,[Valiant Gargoyle]
4770734,[Valiant Gargoyle]
4770735,[Valiant Gargoyle]
4770751,[Valiant Gargoyle]
4770752,[Valiant Gargoyle]
4770753,[Valiant Gargoyle]
4770754,[Valiant Gargoyle]
4770755,[Valiant Gargoyle]
4770792,[Valiant Gargoyle]
4770823,[Valiant Gargoyle]
4770824,[Valiant Gargoyle]
4770825,[Valiant Gargoyle]
4770826,[Valiant Gargoyle]
4770834,[Valiant Gargoyle]
4770842,[Valiant Gargoyle]
4770860,[Valiant Gargoyle] Poison Breath - Triple Line
4770861,[Valiant Gargoyle] Poison Breath - Fall
4770862,[Valiant Gargoyle] Poison Breath - Medium Fog
4770865,[Valiant Gargoyle] Poison Breath - Arching Line
4770866,[Valiant Gargoyle] Poison Breath - Small Fog
4770880,[Valiant Gargoyle] Ruin Explosions
4770881,[Valiant Gargoyle]
4770885,[Valiant Gargoyle]
4770886,[Valiant Gargoyle]
4770890,[Valiant Gargoyle]
4770891,[Valiant Gargoyle]
4770895,[Valiant Gargoyle]
4770896,[Valiant Gargoyle]
4770901,[Valiant Gargoyle]
4770902,[Valiant Gargoyle]
4770911,[Valiant Gargoyle]
4770912,[Valiant Gargoyle]
4770920,[Valiant Gargoyle]
4770921,[Valiant Gargoyle]
4770930,[Valiant Gargoyle]
4770931,[Valiant Gargoyle]
4800000,[Mohg]
4800001,[Mohg]
4800002,[Mohg]
4800010,[Mohg]
4800020,[Mohg] Blood Puddle
4800030,[Mohg] Blood Puddle
4800040,[Mohg] Spear Fire Explosion
4800050,[Mohg]
4800110,[Mohg]
4800210,[Mohg] Hand Explosion Slash
4800211,[Mohg] Hand Explosion
4800240,[Mohg]
4800260,[Mohg] Down Fire Puddle
4800261,[Mohg] Down Fire Puddle
4800320,[Mohg]
4800331,[Mohg]
4800332,[Mohg]
4800333,[Mohg]
4800430,[Mohg] Hand Explosion Thrust
4800431,[Mohg] Hand Explosion Thrust
4800561,[Mohg]
4800571,[Mohg]
4800581,[Mohg]
4800591,[Mohg]
4800605,[Mohg]
4800608,[Mohg]
4800621,[Mohg]
4800631,[Mohg]
4800701,[Mohg]
4800711,[Mohg]
4800751,[Mohg]
4800752,[Mohg]
4800753,[Mohg]
4800761,[Mohg]
4800771,[Mohg]
4800791,[Mohg]
4800801,[Mohg]
4800837,[Mohg]
4800841,[Mohg]
4800842,[Mohg]
4800900,[Mohg]
4800990,[Mohg]
4810161,[Erdtree Avatar]
4810162,[Erdtree Avatar] Holy Orb Explosion
4810163,[Erdtree Avatar]
4810164,[Erdtree Avatar]
4810165,[Erdtree Avatar]
4810166,[Erdtree Avatar]
4810167,[Erdtree Avatar] Holy Orb
4810183,[Erdtree Avatar] Butt Slam
4810250,[Erdtree Avatar] Stomp
4810263,[Erdtree Avatar] Butt Slam
4810265,[Erdtree Avatar]
4810266,[Erdtree Avatar]
4810267,[Erdtree Avatar]
4810268,[Erdtree Avatar]
4810269,[Erdtree Avatar] Rot Gas End
4820500,[Omenkiller]
4820501,[Omenkiller]
4820510,[Omenkiller]
4820511,[Omenkiller]
4820512,[Omenkiller]
4820513,[Omenkiller]
4820520,[Omenkiller]
4820521,[Omenkiller]
4820522,[Omenkiller]
4820523,[Omenkiller]
4820530,[Omenkiller]
4820531,[Omenkiller]
4820532,[Omenkiller]
4820533,[Omenkiller]
4910130,[Magma Wyrm] Magma Breath
4910140,[Magma Wyrm] Crawling Magma Breath
4910150,[Magma Wyrm] Down Magma
4910151,[Magma Wyrm] Down Magma
4910210,[Magma Wyrm]
4910211,[Magma Wyrm]
4910270,[Magma Wyrm] Back Breath
4910271,[Magma Wyrm]
4910290,[Magma Wyrm]
4910310,[Magma Wyrm]
4910311,[Magma Wyrm]
4910320,[Magma Wyrm]
4910500,[Magma Wyrm]
4910501,[Magma Wyrm]
4910502,[Magma Wyrm] Magma Linger
4910510,[Magma Wyrm]
4910511,[Magma Wyrm]
4910512,[Magma Wyrm]
4910520,[Magma Wyrm] Shockwave
4910521,[Magma Wyrm]
4910530,[Magma Wyrm]
4910630,[Magma Wyrm]
4910640,[Magma Wyrm]
4910650,[Magma Wyrm]
4910651,[Magma Wyrm]
4910710,[Magma Wyrm]
4910711,[Magma Wyrm]
4910770,[Magma Wyrm]
4910790,[Magma Wyrm]
4910810,[Magma Wyrm]
4910811,[Magma Wyrm]
4910820,[Magma Wyrm]
4910900,[Magma Wyrm]
4910901,[Magma Wyrm]
4910902,[Magma Wyrm] Magma Linger
4950105,[Tibia Mariner]
4950115,[Tibia Mariner]
4950125,[Tibia Mariner]
4950135,[Tibia Mariner]
4950180,[Tibia Mariner]
4950181,[Tibia Mariner]
4950210,[Tibia Mariner]
4950220,[Tibia Mariner]
4950221,[Tibia Mariner]
4950225,[Tibia Mariner]
4960800,[Giant Skeleton Torso]
4960810,[Giant Skeleton Torso]
4960820,[Giant Skeleton Torso]
4960830,[Giant Skeleton Torso]
4960900,[Giant Skeleton Torso]
4960901,[Giant Skeleton Torso]
4980141,[Death Rite Bird]
4980171,[Death Rite Bird]
4980181,[Death Rite Bird]
4980200,[Death Rite Bird]
4980210,[Death Rite Bird]
4980221,[Death Rite Bird]
4980240,[Death Rite Bird] Pull Out Ground
4980251,[Death Rite Bird]
4980261,[Death Rite Bird]
4980291,[Death Rite Bird]
4980300,[Death Rite Bird] Blight Scream
4980322,[Death Rite Bird]
4980411,[Death Rite Bird]
4980412,[Death Rite Bird]
4980421,[Death Rite Bird]
4980430,[Death Rite Bird]
4980431,[Death Rite Bird]
4980432,[Death Rite Bird]
4980433,[Death Rite Bird]
4980441,[Death Rite Bird]
4980471,[Death Rite Bird]
4980472,[Death Rite Bird]
4980481,[Death Rite Bird]
4980491,[Death Rite Bird]
4980500,[Death Rite Bird]
4980510,[Death Rite Bird]
4980521,[Death Rite Bird]
4980540,[Death Rite Bird]
4980541,[Death Rite Bird]
4980542,[Death Rite Bird]
4980543,[Death Rite Bird]
4980544,[Death Rite Bird]
4980551,[Death Rite Bird]
4980561,[Death Rite Bird]
4980571,[Death Rite Bird]
4980572,[Death Rite Bird]
4980591,[Death Rite Bird]
4980620,[Death Rite Bird]
4980621,[Death Rite Bird]
4980622,[Death Rite Bird]
4980623,[Death Rite Bird]
4980624,[Death Rite Bird]
4980630,[Death Rite Bird]
4980631,[Death Rite Bird]
4980632,[Death Rite Bird]
4980633,[Death Rite Bird]
4980635,[Death Rite Bird]
4980641,[Death Rite Bird]
4980650,[Death Rite Bird]
4980651,[Death Rite Bird]
4980652,[Death Rite Bird]
4980660,[Death Rite Bird] Blight Scream
4980700,[Death Rite Bird]
4980701,[Death Rite Bird]
4980710,[Death Rite Bird]
4980800,[Death Rite Bird]
4980810,[Death Rite Bird]
4980811,[Death Rite Bird]
4980812,[Death Rite Bird]
4980813,[Death Rite Bird]
4980814,[Death Rite Bird]
4980820,[Death Rite Bird]
4980821,[Death Rite Bird]
4980822,[Death Rite Bird]
4980823,[Death Rite Bird]
4980824,[Death Rite Bird]
4980830,[Death Rite Bird]
4980831,[Death Rite Bird]
4980832,[Death Rite Bird]
4980910,[Death Rite Bird]
4980911,[Death Rite Bird]
4980920,[Death Rite Bird]
4980921,[Death Rite Bird]
4980922,[Death Rite Bird]
4980923,[Death Rite Bird]
4980940,[Death Rite Bird]
4980941,[Death Rite Bird]
4980942,[Death Rite Bird]
4980943,[Death Rite Bird]
4980950,[Death Rite Bird]
5000101,[DLC - Commander Gaius] Bullet
5000111,[DLC - Commander Gaius] Bullet
5000141,[DLC - Commander Gaius] Bullet
5000142,[DLC - Commander Gaius] Bullet 
5000165,
5000168,[DLC - Commander Gaius] Bullet
5000169,[DLC - Commander Gaius] Bullet 
5000171,[DLC - Commander Gaius] Bullet
5000181,[DLC - Commander Gaius] Bullet
5000200,[DLC - Commander Gaius] Bullet
5000201,[DLC - Commander Gaius] Bullet 
5000202,[DLC - Commander Gaius] Bullet  
5000203,[DLC - Commander Gaius] Bullet   
5000204,[DLC - Commander Gaius] Bullet    
5000205,[DLC - Commander Gaius] Bullet     
5000206,[DLC - Commander Gaius] Bullet      
5000207,[DLC - Commander Gaius] Bullet       
5000271,[DLC - Commander Gaius] Bullet
5000272,[DLC - Commander Gaius] Bullet 
5000275,[DLC - Commander Gaius] Bullet  
5000276,[DLC - Commander Gaius] Bullet    
5000277,[DLC - Commander Gaius] Bullet      
5000280,[DLC - Commander Gaius] Bullet
5000281,[DLC - Commander Gaius] Bullet 
5000282,[DLC - Commander Gaius] Bullet  
5000283,[DLC - Commander Gaius] Bullet   
5000284,[DLC - Commander Gaius] Bullet    
5000285,[DLC - Commander Gaius] Bullet     
5000286,[DLC - Commander Gaius] Bullet      
5000287,[DLC - Commander Gaius] Bullet       
5000288,[DLC - Commander Gaius] Bullet        
5000290,[DLC - Commander Gaius] Bullet
5000291,[DLC - Commander Gaius] Bullet 
5000311,[DLC - Commander Gaius] Bullet
5000501,[DLC - Commander Gaius] Bullet
5000511,[DLC - Commander Gaius] Bullet
5000565,
5000571,[DLC - Commander Gaius] Bullet
5000600,[DLC - Commander Gaius] Bullet
5000601,[DLC - Commander Gaius] Bullet 
5000602,[DLC - Commander Gaius] Bullet  
5000603,[DLC - Commander Gaius] Bullet   
5000604,[DLC - Commander Gaius] Bullet    
5000605,[DLC - Commander Gaius] Bullet     
5000606,[DLC - Commander Gaius] Bullet      
5000607,[DLC - Commander Gaius] Bullet       
5000611,[DLC - Commander Gaius] Bullet
5000612,[DLC - Commander Gaius] Bullet
5000613,[DLC - Commander Gaius] Bullet
5000614,[DLC - Commander Gaius] Bullet
5000615,[DLC - Commander Gaius] Bullet
5000620,[DLC - Commander Gaius] Bullet
5000621,[DLC - Commander Gaius] Bullet
5000622,[DLC - Commander Gaius] Bullet 
5000623,[DLC - Commander Gaius] Bullet  
5000624,
5000625,
5000626,
5000627,
5010153,[DLC - Golden Hippopotamus] Bullet
5010160,
5010170,
5010171,
5010180,[DLC - Golden Hippopotamus] Bullet
5010181,[DLC - Golden Hippopotamus] Bullet
5010182,[DLC - Golden Hippopotamus] Bullet
5010183,[DLC - Golden Hippopotamus] Bullet 
5010184,[DLC - Golden Hippopotamus] Bullet  
5010185,[DLC - Golden Hippopotamus] Bullet   
5010186,
5010221,[DLC - Golden Hippopotamus] Bullet
5010222,[DLC - Golden Hippopotamus] Bullet
5010223,[DLC - Golden Hippopotamus] Bullet
5010224,[DLC - Golden Hippopotamus] Bullet
5011153,[DLC - Golden Hippopotamus (Golden Wings)] Bullet
6030900,[Bear]
7000200,[Fallen Hawks Soldier]
7000210,[Fallen Hawks Soldier]
7000220,[Fallen Hawks Soldier]
7000230,[Fallen Hawks Soldier]
7000400,[Fallen Hawks Soldier]
7000410,[Fallen Hawks Soldier]
7000420,[Fallen Hawks Soldier]
7000421,[Fallen Hawks Soldier]
7100181,[Ancient Hero] Pullup Ice
7100190,[Ancient Hero] Floor Ice
7100191,[Ancient Hero]
7100192,[Ancient Hero] Floor Ice Linger
7100193,[Ancient Hero] Floor Ice Explode
7100200,[Ancient Hero] Ice Storm Aoe
7100205,[Ancient Hero]
7100206,[Ancient Hero] Ice Storm Linger
7100220,[Ancient Hero] Emit Force Ice
8100000,[Ballista]
8100001,[Ballista]
8100010,[Ballista]
8100011,[Ballista]
8100012,[Ballista]
8101100,[Trebuchet]
8101101,[Trebuchet]
8101102,[Trebuchet]
8101110,[Trebuchet]
8101120,[Trebuchet]
8110000,[Dragon-faced Flamethrower]
8110001,[Dragon-faced Flamethrower]
8110010,[Dragon-faced Flamethrower]
9009000,
9410000,
9410001,
9450000,
9450001,
9450002,
9450003,
9450004,
9450005,
9460000,[Crab] Bullet
10000000,
10000001,
10000002,
205020142,[DLC - Putrescent Knight] Bullet
205020151,[DLC - Putrescent Knight] Bullet
205020171,[DLC - Putrescent Knight] Bullet
205020250,[DLC - Putrescent Knight] Bullet
205020262,[DLC - Putrescent Knight] Bullet
205020350,[DLC - Putrescent Knight] Bullet
205020402,[DLC - Putrescent Knight] Bullet
205020411,[DLC - Putrescent Knight] Bullet
205020600,[DLC - Putrescent Knight] Bullet
205020601,[DLC - Putrescent Knight] Bullet 
205020602,[DLC - Putrescent Knight] Bullet  
205020603,[DLC - Putrescent Knight] Bullet   
205020604,[DLC - Putrescent Knight] Bullet    
205020605,[DLC - Putrescent Knight] Bullet     
205020606,[DLC - Putrescent Knight] Bullet      
205020607,[DLC - Putrescent Knight] Bullet       
205020608,[DLC - Putrescent Knight] Bullet        
205020609,
205020610,[DLC - Putrescent Knight] Bullet
205020611,[DLC - Putrescent Knight] Bullet         
205020612,[DLC - Putrescent Knight] Bullet          
205020613,[DLC - Putrescent Knight] Bullet           
205020614,[DLC - Putrescent Knight] Bullet            
205020615,[DLC - Putrescent Knight] Bullet             
205020616,[DLC - Putrescent Knight] Bullet              
205020617,[DLC - Putrescent Knight] Bullet               
205020618,[DLC - Putrescent Knight] Bullet                
205020619,[DLC - Putrescent Knight] Bullet                 
205020620,[DLC - Putrescent Knight] Bullet
205020621,[DLC - Putrescent Knight] Bullet 
205020622,[DLC - Putrescent Knight] Bullet  
205020623,[DLC - Putrescent Knight] Bullet   
205020624,[DLC - Putrescent Knight] Bullet    
205020625,[DLC - Putrescent Knight] Bullet     
205020626,[DLC - Putrescent Knight] Bullet      
205020627,[DLC - Putrescent Knight] Bullet       
205020628,[DLC - Putrescent Knight] Bullet        
205020629,[DLC - Putrescent Knight] Bullet         
205020630,[DLC - Putrescent Knight] Bullet          
205020631,
205020632,
205020650,[DLC - Putrescent Knight] Bullet
205020651,[DLC - Putrescent Knight] Bullet 
205020652,[DLC - Putrescent Knight] Bullet  
205020653,[DLC - Putrescent Knight] Bullet   
205020654,[DLC - Putrescent Knight] Bullet    
205020655,[DLC - Putrescent Knight] Bullet     
205020656,[DLC - Putrescent Knight] Bullet      
205020657,[DLC - Putrescent Knight] Bullet       
205020660,[DLC - Putrescent Knight] Bullet
205020661,[DLC - Putrescent Knight] Bullet 
205020662,[DLC - Putrescent Knight] Bullet  
205020663,[DLC - Putrescent Knight] Bullet   
205020664,[DLC - Putrescent Knight] Bullet    
205020665,[DLC - Putrescent Knight] Bullet     
205020666,[DLC - Putrescent Knight] Bullet      
205020667,[DLC - Putrescent Knight] Bullet       
205020670,[DLC - Putrescent Knight] Bullet        
205020671,[DLC - Putrescent Knight] Bullet         
205020672,[DLC - Putrescent Knight] Bullet          
205020673,[DLC - Putrescent Knight] Bullet           
205020674,[DLC - Putrescent Knight] Bullet            
205020675,[DLC - Putrescent Knight] Bullet             
205020676,[DLC - Putrescent Knight] Bullet              
205020677,[DLC - Putrescent Knight] Bullet               
205020678,[DLC - Putrescent Knight] Bullet                
205020679,[DLC - Putrescent Knight] Bullet                 
205020680,[DLC - Putrescent Knight] Bullet                  
205020681,[DLC - Putrescent Knight] Bullet                   
205020682,[DLC - Putrescent Knight] Bullet                    
205020683,[DLC - Putrescent Knight] Bullet                     
205020684,[DLC - Putrescent Knight] Bullet                      
205020685,[DLC - Putrescent Knight] Bullet                       
205020686,[DLC - Putrescent Knight] Bullet                        
205020687,[DLC - Putrescent Knight] Bullet                         
205020688,[DLC - Putrescent Knight] Bullet                          
205020689,[DLC - Putrescent Knight] Bullet                           
205020690,[DLC - Putrescent Knight] Bullet                            
205020700,[DLC - Putrescent Knight] Bullet
205020701,[DLC - Putrescent Knight] Bullet
205020702,[DLC - Putrescent Knight] Bullet
205020703,[DLC - Putrescent Knight] Bullet 
205020704,[DLC - Putrescent Knight] Bullet  
205020705,[DLC - Putrescent Knight] Bullet   
205020706,[DLC - Putrescent Knight] Bullet    
205020707,[DLC - Putrescent Knight] Bullet     
205020708,[DLC - Putrescent Knight] Bullet      
205020709,[DLC - Putrescent Knight] Bullet       
205020710,[DLC - Putrescent Knight] Bullet 
205020711,[DLC - Putrescent Knight] Bullet 
205020712,[DLC - Putrescent Knight] Bullet 
205020713,[DLC - Putrescent Knight] Bullet  
205020714,[DLC - Putrescent Knight] Bullet   
205020715,[DLC - Putrescent Knight] Bullet    
205020716,[DLC - Putrescent Knight] Bullet     
205020717,[DLC - Putrescent Knight] Bullet      
205020718,[DLC - Putrescent Knight] Bullet       
205020719,[DLC - Putrescent Knight] Bullet        
205020720,[DLC - Putrescent Knight] Bullet  
205020721,[DLC - Putrescent Knight] Bullet   
205020722,[DLC - Putrescent Knight] Bullet    
205020723,[DLC - Putrescent Knight] Bullet     
205020724,[DLC - Putrescent Knight] Bullet      
205020725,[DLC - Putrescent Knight] Bullet       
205020726,[DLC - Putrescent Knight] Bullet        
205020727,[DLC - Putrescent Knight] Bullet         
205020728,[DLC - Putrescent Knight] Bullet          
205020729,[DLC - Putrescent Knight] Bullet           
205020730,[DLC - Putrescent Knight] Bullet            
205020731,[DLC - Putrescent Knight] Bullet             
205020732,[DLC - Putrescent Knight] Bullet              
205020733,[DLC - Putrescent Knight] Bullet               
205020734,[DLC - Putrescent Knight] Bullet                
205020735,[DLC - Putrescent Knight] Bullet                 
205020736,[DLC - Putrescent Knight] Bullet                  
205020737,[DLC - Putrescent Knight] Bullet                   
205020738,[DLC - Putrescent Knight] Bullet                    
205020739,[DLC - Putrescent Knight] Bullet                     
205020740,[DLC - Putrescent Knight] Bullet                      
205020741,[DLC - Putrescent Knight] Bullet                       
205020742,[DLC - Putrescent Knight] Bullet                        
205020743,[DLC - Putrescent Knight] Bullet                         
205020744,[DLC - Putrescent Knight] Bullet                          
205020745,[DLC - Putrescent Knight] Bullet                           
205020746,[DLC - Putrescent Knight] Bullet                            
205020747,[DLC - Putrescent Knight] Bullet                             
205020748,[DLC - Putrescent Knight] Bullet                              
205020749,[DLC - Putrescent Knight] Bullet                               
205020750,[DLC - Putrescent Knight] Bullet                                
205020751,[DLC - Putrescent Knight] Bullet                                 
205020752,[DLC - Putrescent Knight] Bullet                                  
205020753,
205020754,
205020760,[DLC - Putrescent Knight] Bullet  
205020761,[DLC - Putrescent Knight] Bullet   
205020762,[DLC - Putrescent Knight] Bullet    
205020763,[DLC - Putrescent Knight] Bullet     
205020764,[DLC - Putrescent Knight] Bullet      
205020765,[DLC - Putrescent Knight] Bullet       
205020766,[DLC - Putrescent Knight] Bullet        
205020767,[DLC - Putrescent Knight] Bullet         
205020768,[DLC - Putrescent Knight] Bullet          
205020769,[DLC - Putrescent Knight] Bullet           
205020770,[DLC - Putrescent Knight] Bullet            
205020771,[DLC - Putrescent Knight] Bullet             
205020772,[DLC - Putrescent Knight] Bullet              
205020773,[DLC - Putrescent Knight] Bullet               
205020774,[DLC - Putrescent Knight] Bullet                
205020775,[DLC - Putrescent Knight] Bullet                 
205020776,[DLC - Putrescent Knight] Bullet                  
205020777,[DLC - Putrescent Knight] Bullet                   
205020778,[DLC - Putrescent Knight] Bullet                    
205020779,[DLC - Putrescent Knight] Bullet                     
205020780,[DLC - Putrescent Knight] Bullet                      
205020781,[DLC - Putrescent Knight] Bullet                       
205020782,[DLC - Putrescent Knight] Bullet                        
205020783,[DLC - Putrescent Knight] Bullet                         
205020784,[DLC - Putrescent Knight] Bullet                          
205020785,[DLC - Putrescent Knight] Bullet                           
205020786,[DLC - Putrescent Knight] Bullet                            
205020787,[DLC - Putrescent Knight] Bullet                             
205020788,[DLC - Putrescent Knight] Bullet                              
205020789,[DLC - Putrescent Knight] Bullet                               
205020790,[DLC - Putrescent Knight] Bullet                                
205020791,[DLC - Putrescent Knight] Bullet                                 
205020792,[DLC - Putrescent Knight] Bullet                                  
205020793,
205020794,
205020800,[DLC - Putrescent Knight] Bullet
205020801,[DLC - Putrescent Knight] Bullet 
205020802,[DLC - Putrescent Knight] Bullet  
205020803,[DLC - Putrescent Knight] Bullet   
205020804,[DLC - Putrescent Knight] Bullet    
205020805,[DLC - Putrescent Knight] Bullet     
205020806,[DLC - Putrescent Knight] Bullet      
205020807,[DLC - Putrescent Knight] Bullet       
205020808,[DLC - Putrescent Knight] Bullet        
205020809,[DLC - Putrescent Knight] Bullet         
205020810,
205020820,[DLC - Putrescent Knight] Bullet 
205020821,[DLC - Putrescent Knight] Bullet  
205020822,[DLC - Putrescent Knight] Bullet   
205020823,[DLC - Putrescent Knight] Bullet    
205020824,[DLC - Putrescent Knight] Bullet     
205020825,[DLC - Putrescent Knight] Bullet      
205020826,[DLC - Putrescent Knight] Bullet       
205020827,[DLC - Putrescent Knight] Bullet        
205020828,[DLC - Putrescent Knight] Bullet         
205020829,[DLC - Putrescent Knight] Bullet          
205020830,
205020910,[DLC - Putrescent Knight] Bullet
205020915,[DLC - Putrescent Knight] Bullet
205020916,[DLC - Putrescent Knight] Bullet 
205020917,[DLC - Putrescent Knight] Bullet
205020918,[DLC - Putrescent Knight] Bullet 
205030151,[DLC - Romina- Saint of the Bud] Bullet
205030190,[DLC - Romina- Saint of the Bud] Bullet
205030191,[DLC - Romina- Saint of the Bud] Bullet
205030192,[DLC - Romina- Saint of the Bud] Bullet
205030193,[DLC - Romina- Saint of the Bud] Bullet
205030200,[DLC - Romina- Saint of the Bud] Bullet
205030201,[DLC - Romina- Saint of the Bud] Bullet 
205030202,[DLC - Romina- Saint of the Bud] Bullet  
205030203,[DLC - Romina- Saint of the Bud] Bullet   
205030204,[DLC - Romina- Saint of the Bud] Bullet    
205030205,[DLC - Romina- Saint of the Bud] Bullet
205030210,[DLC - Romina- Saint of the Bud] Bullet
205030212,[DLC - Romina- Saint of the Bud] Bullet
205030230,[DLC - Romina- Saint of the Bud] Bullet
205030231,[DLC - Romina- Saint of the Bud] Bullet
205030232,[DLC - Romina- Saint of the Bud] Bullet 
205030233,[DLC - Romina- Saint of the Bud] Bullet  
205030234,[DLC - Romina- Saint of the Bud] Bullet   
205030235,[DLC - Romina- Saint of the Bud] Bullet
205030236,[DLC - Romina- Saint of the Bud] Bullet
205030283,[DLC - Romina- Saint of the Bud] Bullet
205030284,[DLC - Romina- Saint of the Bud] Bullet 
205030300,[DLC - Romina- Saint of the Bud] Bullet
205030301,[DLC - Romina- Saint of the Bud] Bullet
205030302,[DLC - Romina- Saint of the Bud] Bullet
205030303,[DLC - Romina- Saint of the Bud] Bullet
205030304,[DLC - Romina- Saint of the Bud] Bullet
205030305,[DLC - Romina- Saint of the Bud] Bullet
205030306,[DLC - Romina- Saint of the Bud] Bullet
205030307,[DLC - Romina- Saint of the Bud] Bullet
205030308,[DLC - Romina- Saint of the Bud] Bullet
205030309,[DLC - Romina- Saint of the Bud] Bullet
205030310,[DLC - Romina- Saint of the Bud] Bullet
205030311,[DLC - Romina- Saint of the Bud] Bullet 
205030312,[DLC - Romina- Saint of the Bud] Bullet 
205040000,[DLC - Curseblade Labirith] Bullet
205040001,[DLC - Curseblade Labirith] Bullet
205040002,[DLC - Curseblade Labirith] Bullet
205040003,[DLC - Curseblade Labirith] Bullet
205040004,[DLC - Curseblade Labirith] Bullet
205040005,[DLC - Curseblade Labirith] Bullet
205040006,[DLC - Curseblade Labirith] Bullet
205040007,[DLC - Curseblade Labirith] Bullet
205040008,[DLC - Curseblade Labirith] Bullet
205040009,[DLC - Curseblade Labirith] Bullet
205040010,[DLC - Curseblade Labirith] Bullet
205040011,[DLC - Curseblade Labirith] Bullet
205040012,[DLC - Curseblade Labirith] Bullet
205040013,[DLC - Curseblade Labirith] Bullet
205040014,[DLC - Curseblade Labirith] Bullet
205040282,[DLC - Curseblade Labirith] Bullet
205040290,[DLC - Curseblade Labirith] Bullet
205040300,[DLC - Curseblade Labirith] Bullet
205050170,[DLC - Midra- Lord of Frenzied Flame] Bullet
205051140,[DLC - Midra- Lord of Frenzied Flame] Bullet
205051181,[DLC - Midra- Lord of Frenzied Flame] Bullet
205051182,[DLC - Midra- Lord of Frenzied Flame] Bullet 
205051183,[DLC - Midra- Lord of Frenzied Flame] Bullet  
205051190,[DLC - Midra- Lord of Frenzied Flame] Bullet
205051206,[DLC - Midra- Lord of Frenzied Flame] Bullet
205051207,[DLC - Midra- Lord of Frenzied Flame] Bullet
205051208,[DLC - Midra- Lord of Frenzied Flame] Bullet 
205051209,[DLC - Midra- Lord of Frenzied Flame] Bullet  
205051211,[DLC - Midra- Lord of Frenzied Flame] Bullet
205051212,[DLC - Midra- Lord of Frenzied Flame] Bullet 
205051213,[DLC - Midra- Lord of Frenzied Flame] Bullet  
205051221,[DLC - Midra- Lord of Frenzied Flame] Bullet
205051230,[DLC - Midra- Lord of Frenzied Flame] Bullet
205051231,[DLC - Midra- Lord of Frenzied Flame] Bullet
205051232,[DLC - Midra- Lord of Frenzied Flame] Bullet
205051233,[DLC - Midra- Lord of Frenzied Flame] Bullet 
205051234,[DLC - Midra- Lord of Frenzied Flame] Bullet  
205051235,[DLC - Midra- Lord of Frenzied Flame] Bullet   
205051250,[DLC - Midra- Lord of Frenzied Flame] Bullet
205051251,[DLC - Midra- Lord of Frenzied Flame] Bullet
205051252,[DLC - Midra- Lord of Frenzied Flame] Bullet
205051253,[DLC - Midra- Lord of Frenzied Flame] Bullet
205051254,[DLC - Midra- Lord of Frenzied Flame] Bullet
205051255,[DLC - Midra- Lord of Frenzied Flame] Bullet
205051256,[DLC - Midra- Lord of Frenzied Flame] Bullet
205051257,[DLC - Midra- Lord of Frenzied Flame] Bullet 
205051258,[DLC - Midra- Lord of Frenzied Flame] Bullet  
205051259,[DLC - Midra- Lord of Frenzied Flame] Bullet   
205051270,[DLC - Midra- Lord of Frenzied Flame] Bullet
205051271,[DLC - Midra- Lord of Frenzied Flame] Bullet 
205051272,[DLC - Midra- Lord of Frenzied Flame] Bullet  
205051273,[DLC - Midra- Lord of Frenzied Flame] Bullet   
205051274,[DLC - Midra- Lord of Frenzied Flame] Bullet   
205051275,[DLC - Midra- Lord of Frenzied Flame] Bullet
205051276,[DLC - Midra- Lord of Frenzied Flame] Bullet 
205051277,[DLC - Midra- Lord of Frenzied Flame] Bullet  
205051280,[DLC - Midra- Lord of Frenzied Flame] Bullet
205051281,[DLC - Midra- Lord of Frenzied Flame] Bullet
205051282,[DLC - Midra- Lord of Frenzied Flame] Bullet
205051283,[DLC - Midra- Lord of Frenzied Flame] Bullet
205051290,[DLC - Midra- Lord of Frenzied Flame] Bullet
205051291,[DLC - Midra- Lord of Frenzied Flame] Bullet
205051292,[DLC - Midra- Lord of Frenzied Flame] Bullet
205051293,[DLC - Midra- Lord of Frenzied Flame] Bullet
205051294,[DLC - Midra- Lord of Frenzied Flame] Bullet 
205051295,[DLC - Midra- Lord of Frenzied Flame] Bullet  
205051296,
205051297,
205051298,
205051311,[DLC - Midra- Lord of Frenzied Flame] Bullet
205051312,[DLC - Midra- Lord of Frenzied Flame] Bullet 
205051313,[DLC - Midra- Lord of Frenzied Flame] Bullet  
205051370,[DLC - Midra- Lord of Frenzied Flame] Bullet
205051371,[DLC - Midra- Lord of Frenzied Flame] Bullet
205051372,[DLC - Midra- Lord of Frenzied Flame] Bullet
205051373,[DLC - Midra- Lord of Frenzied Flame] Bullet
205051374,[DLC - Midra- Lord of Frenzied Flame] Bullet
205051375,[DLC - Midra- Lord of Frenzied Flame] Bullet
205051376,[DLC - Midra- Lord of Frenzied Flame] Bullet 
205051377,[DLC - Midra- Lord of Frenzied Flame] Bullet  
205051378,[DLC - Midra- Lord of Frenzied Flame] Bullet   
205051500,[DLC - Midra- Lord of Frenzied Flame] Bullet
205051501,
205051502,
205051510,[DLC - Midra- Lord of Frenzied Flame] Bullet
205051511,
205051512,
205051600,[DLC - Midra- Lord of Frenzied Flame] Bullet
205051601,[DLC - Midra- Lord of Frenzied Flame] Bullet
205051602,[DLC - Midra- Lord of Frenzied Flame] Bullet
205051603,[DLC - Midra- Lord of Frenzied Flame] Bullet
205051604,[DLC - Midra- Lord of Frenzied Flame] Bullet 
205051605,[DLC - Midra- Lord of Frenzied Flame] Bullet  
205051606,[DLC - Midra- Lord of Frenzied Flame] Bullet   
205051610,[DLC - Midra- Lord of Frenzied Flame] Bullet
205051611,[DLC - Midra- Lord of Frenzied Flame] Bullet
205051612,[DLC - Midra- Lord of Frenzied Flame] Bullet
205051613,[DLC - Midra- Lord of Frenzied Flame] Bullet
205051614,[DLC - Midra- Lord of Frenzied Flame] Bullet 
205051615,[DLC - Midra- Lord of Frenzied Flame] Bullet  
205051616,[DLC - Midra- Lord of Frenzied Flame] Bullet   
205060200,[DLC - Lamprey] Bullet
205060220,[DLC - Lamprey] Bullet
205060240,[DLC - Lamprey] Bullet
205060400,[DLC - Lamprey] Bullet
205060401,[DLC - Lamprey] Bullet 
205060420,[DLC - Lamprey] Bullet
205060421,[DLC - Lamprey] Bullet 
205060422,[DLC - Lamprey] Bullet  
205060423,[DLC - Lamprey] Bullet   
205060500,[DLC - Lamprey] Bullet
205060501,[DLC - Lamprey] Bullet 
205060502,[DLC - Lamprey] Bullet  
205060503,[DLC - Lamprey] Bullet   
205060504,[DLC - Lamprey] Bullet    
205060505,[DLC - Lamprey] Bullet     
205060506,[DLC - Lamprey] Bullet      
205060507,[DLC - Lamprey] Bullet       
205060508,[DLC - Lamprey] Bullet        
205060509,[DLC - Lamprey] Bullet         
205060510,[DLC - Lamprey] Bullet          
205060520,[DLC - Lamprey] Bullet
205060521,[DLC - Lamprey] Bullet 
205060522,[DLC - Lamprey] Bullet  
205060523,[DLC - Lamprey] Bullet   
205060524,[DLC - Lamprey] Bullet    
205060525,[DLC - Lamprey] Bullet     
205060526,[DLC - Lamprey] Bullet      
205060527,[DLC - Lamprey] Bullet       
205060528,[DLC - Lamprey] Bullet        
205060529,[DLC - Lamprey] Bullet         
205060530,[DLC - Lamprey] Bullet          
205060540,[DLC - Lamprey] Bullet
205060541,[DLC - Lamprey] Bullet 
205060542,[DLC - Lamprey] Bullet  
205060543,[DLC - Lamprey] Bullet   
205060544,[DLC - Lamprey] Bullet    
205060545,[DLC - Lamprey] Bullet     
205060546,[DLC - Lamprey] Bullet      
205060547,[DLC - Lamprey] Bullet       
205060548,[DLC - Lamprey] Bullet        
205060549,[DLC - Lamprey] Bullet         
205060550,[DLC - Lamprey] Bullet          
205060558,
205060598,[DLC - Lamprey] Bullet
205061400,[DLC - Lamprey (Large)] Bullet
205061401,[DLC - Lamprey (Large)] Bullet 
205061410,[DLC - Lamprey (Large)] Bullet
205061411,
205061420,[DLC - Lamprey (Large)] Bullet
205061421,[DLC - Lamprey (Large)] Bullet 
205061422,[DLC - Lamprey (Large)] Bullet  
205061423,[DLC - Lamprey (Large)] Bullet   
205061500,[DLC - Lamprey (Large)] Bullet
205061501,[DLC - Lamprey (Large)] Bullet 
205061502,[DLC - Lamprey (Large)] Bullet  
205061503,[DLC - Lamprey (Large)] Bullet   
205061504,[DLC - Lamprey (Large)] Bullet    
205061505,[DLC - Lamprey (Large)] Bullet     
205061506,[DLC - Lamprey (Large)] Bullet      
205061507,[DLC - Lamprey (Large)] Bullet       
205061508,[DLC - Lamprey (Large)] Bullet        
205061509,[DLC - Lamprey (Large)] Bullet         
205061510,[DLC - Lamprey (Large)] Bullet          
205061520,[DLC - Lamprey (Large)] Bullet
205061521,[DLC - Lamprey (Large)] Bullet 
205061522,[DLC - Lamprey (Large)] Bullet  
205061523,[DLC - Lamprey (Large)] Bullet   
205061524,[DLC - Lamprey (Large)] Bullet    
205061525,[DLC - Lamprey (Large)] Bullet     
205061526,[DLC - Lamprey (Large)] Bullet      
205061527,[DLC - Lamprey (Large)] Bullet       
205061528,[DLC - Lamprey (Large)] Bullet        
205061529,[DLC - Lamprey (Large)] Bullet         
205061530,[DLC - Lamprey (Large)] Bullet          
205061540,[DLC - Lamprey (Large)] Bullet
205061541,[DLC - Lamprey (Large)] Bullet 
205061542,[DLC - Lamprey (Large)] Bullet  
205061543,[DLC - Lamprey (Large)] Bullet   
205061544,[DLC - Lamprey (Large)] Bullet    
205061545,[DLC - Lamprey (Large)] Bullet     
205061546,[DLC - Lamprey (Large)] Bullet      
205061547,[DLC - Lamprey (Large)] Bullet       
205061548,[DLC - Lamprey (Large)] Bullet        
205061549,[DLC - Lamprey (Large)] Bullet         
205061550,[DLC - Lamprey (Large)] Bullet          
205061598,
205070180,[DLC - Death Knight] Bullet
205070181,[DLC - Death Knight] Bullet
205070182,[DLC - Death Knight] Bullet
205070183,[DLC - Death Knight] Bullet
205070184,[DLC - Death Knight] Bullet
205070185,[DLC - Death Knight] Bullet
205070186,[DLC - Death Knight] Bullet
205070190,[DLC - Death Knight] Bullet
205070205,[DLC - Death Knight] Bullet
205070220,[DLC - Death Knight] Bullet
205070221,[DLC - Death Knight] Bullet
205070222,[DLC - Death Knight] Bullet
205070223,[DLC - Death Knight] Bullet
205070224,[DLC - Death Knight] Bullet
205070225,[DLC - Death Knight] Bullet
205070226,[DLC - Death Knight] Bullet
205070231,[DLC - Death Knight] Bullet
205070232,[DLC - Death Knight] Bullet 
205070233,[DLC - Death Knight] Bullet  
205070234,[DLC - Death Knight] Bullet   
205070581,[DLC - Death Knight] Bullet
205070582,[DLC - Death Knight] Bullet 
205070600,[DLC - Death Knight] Bullet
205070621,[DLC - Death Knight] Bullet
205070622,[DLC - Death Knight] Bullet 
205070623,[DLC - Death Knight] Bullet  
205070624,[DLC - Death Knight] Bullet   
205070900,[DLC - Death Knight] Bullet 
205070901,[DLC - Death Knight] Bullet 
205070902,[DLC - Death Knight] Bullet 
205070903,[DLC - Death Knight] Bullet 
205070904,[DLC - Death Knight] Bullet 
205070905,[DLC - Death Knight] Bullet 
205070910,[DLC - Death Knight] Bullet  
205070911,[DLC - Death Knight] Bullet  
205070912,[DLC - Death Knight] Bullet  
205070913,[DLC - Death Knight] Bullet  
205070914,[DLC - Death Knight] Bullet  
205070915,[DLC - Death Knight] Bullet  
205070920,[DLC - Death Knight] Bullet   
205070921,[DLC - Death Knight] Bullet   
205070922,[DLC - Death Knight] Bullet   
205070923,[DLC - Death Knight] Bullet   
205070924,[DLC - Death Knight] Bullet   
205070925,[DLC - Death Knight] Bullet   
205070930,[DLC - Death Knight] Bullet 
205070931,[DLC - Death Knight] Bullet 
205070932,[DLC - Death Knight] Bullet 
205070933,[DLC - Death Knight] Bullet 
205070934,[DLC - Death Knight] Bullet 
205070935,[DLC - Death Knight] Bullet 
205070940,[DLC - Death Knight] Bullet  
205070941,[DLC - Death Knight] Bullet  
205070942,[DLC - Death Knight] Bullet  
205070943,[DLC - Death Knight] Bullet  
205070944,[DLC - Death Knight] Bullet  
205070945,[DLC - Death Knight] Bullet  
205080135,[DLC - Bloodfiend] Bullet
205080300,[DLC - Bloodfiend] Bullet
205080301,[DLC - Bloodfiend] Bullet
205080302,[DLC - Bloodfiend] Bullet
205080310,[DLC - Bloodfiend] Bullet
205080311,[DLC - Bloodfiend] Bullet
205080315,[DLC - Bloodfiend] Bullet
205080316,[DLC - Bloodfiend] Bullet
205080330,[DLC - Bloodfiend] Bullet
205080505,[DLC - Bloodfiend] Bullet
205080600,[DLC - Bloodfiend] Bullet
205080601,[DLC - Bloodfiend] Bullet 
205080602,[DLC - Bloodfiend] Bullet  
205080605,[DLC - Bloodfiend] Bullet
205080606,[DLC - Bloodfiend] Bullet 
205080607,[DLC - Bloodfiend] Bullet  
205080610,[DLC - Bloodfiend] Bullet
205080611,[DLC - Bloodfiend] Bullet
205080612,[DLC - Bloodfiend] Bullet
205080615,[DLC - Bloodfiend] Bullet
205080616,[DLC - Bloodfiend] Bullet 
205080617,[DLC - Bloodfiend] Bullet
205080618,
205080619,[DLC - Bloodfiend] Bullet 
205080620,[DLC - Bloodfiend] Bullet
205080621,[DLC - Bloodfiend] Bullet 
205080625,
205080626,
205081135,[DLC - Chief Bloodfiend] Bullet
205081155,[DLC - Chief Bloodfiend] Bullet
205081185,[DLC - Chief Bloodfiend] Bullet
205081300,[DLC - Chief Bloodfiend] Bullet
205081301,[DLC - Chief Bloodfiend] Bullet
205081310,[DLC - Chief Bloodfiend] Bullet
205081311,[DLC - Chief Bloodfiend] Bullet
205081315,[DLC - Chief Bloodfiend] Bullet
205081316,[DLC - Chief Bloodfiend] Bullet
205081320,[DLC - Chief Bloodfiend] Bullet
205081321,[DLC - Chief Bloodfiend] Bullet
205081620,[DLC - Chief Bloodfiend] Bullet
205081621,[DLC - Chief Bloodfiend] Bullet 
205081635,[DLC - Chief Bloodfiend] Bullet
205090200,[DLC - Gravebird] Bullet
205090201,[DLC - Gravebird] Bullet 
205090230,[DLC - Gravebird] Bullet
205090231,[DLC - Gravebird] Bullet 
205090250,[DLC - Gravebird] Bullet
205090251,[DLC - Gravebird] Bullet
205090252,[DLC - Gravebird] Bullet 
205090270,[DLC - Gravebird] Bullet
205110100,[DLC - Spirit Eel] Bullet
205110101,[DLC - Spirit Eel] Bullet
205110102,[DLC - Spirit Eel] Bullet
205110103,[DLC - Spirit Eel] Bullet
205110110,[DLC - Spirit Eel] Bullet
205120100,[DLC - Bayle the Dread] Bullet
205120101,[DLC - Bayle the Dread] Bullet
205120102,[DLC - Bayle the Dread] Bullet
205120110,[DLC - Bayle the Dread] Bullet
205120111,[DLC - Bayle the Dread] Bullet
205120120,[DLC - Bayle the Dread] Bullet
205120145,[DLC - Bayle the Dread] Bullet
205120146,[DLC - Bayle the Dread] Bullet 
205120147,[DLC - Bayle the Dread] Bullet  
205120148,[DLC - Bayle the Dread] Bullet
205120149,[DLC - Bayle the Dread] Bullet
205120152,
205120153,
205120154,
205120155,
205120156,
205120160,[DLC - Bayle the Dread] Bullet
205120161,[DLC - Bayle the Dread] Bullet 
205120162,[DLC - Bayle the Dread] Bullet  
205120163,[DLC - Bayle the Dread] Bullet   
205120164,[DLC - Bayle the Dread] Bullet    
205120221,[DLC - Bayle the Dread] Bullet
205120234,
205120281,[DLC - Bayle the Dread] Bullet
205120282,[DLC - Bayle the Dread] Bullet
205120283,[DLC - Bayle the Dread] Bullet 
205120284,[DLC - Bayle the Dread] Bullet  
205120285,[DLC - Bayle the Dread] Bullet
205120286,[DLC - Bayle the Dread] Bullet 
205120340,[DLC - Bayle the Dread] Bullet
205120341,[DLC - Bayle the Dread] Bullet 
205120342,[DLC - Bayle the Dread] Bullet  
205120343,[DLC - Bayle the Dread] Bullet   
205120344,[DLC - Bayle the Dread] Bullet    
205120345,[DLC - Bayle the Dread] Bullet     
205120350,[DLC - Bayle the Dread] Bullet
205120351,[DLC - Bayle the Dread] Bullet 
205120390,[DLC - Bayle the Dread] Bullet
205120391,[DLC - Bayle the Dread] Bullet 
205120392,[DLC - Bayle the Dread] Bullet  
205120393,[DLC - Bayle the Dread] Bullet   
205120394,[DLC - Bayle the Dread] Bullet    
205120395,[DLC - Bayle the Dread] Bullet
205120396,[DLC - Bayle the Dread] Bullet 
205120397,[DLC - Bayle the Dread] Bullet  
205120398,[DLC - Bayle the Dread] Bullet   
205120404,[DLC - Bayle the Dread] Bullet
205120405,[DLC - Bayle the Dread] Bullet 
205120406,[DLC - Bayle the Dread] Bullet  
205120411,[DLC - Bayle the Dread] Bullet
205120412,[DLC - Bayle the Dread] Bullet 
205120413,[DLC - Bayle the Dread] Bullet  
205120415,[DLC - Bayle the Dread] Bullet
205120416,[DLC - Bayle the Dread] Bullet 
205120417,[DLC - Bayle the Dread] Bullet  
205120418,[DLC - Bayle the Dread] Bullet
205120514,[DLC - Bayle the Dread] Bullet
205120560,[DLC - Bayle the Dread] Bullet
205120561,[DLC - Bayle the Dread] Bullet 
205120562,[DLC - Bayle the Dread] Bullet  
205120563,[DLC - Bayle the Dread] Bullet   
205120565,[DLC - Bayle the Dread] Bullet
205120566,[DLC - Bayle the Dread] Bullet 
205120567,[DLC - Bayle the Dread] Bullet  
205120568,[DLC - Bayle the Dread] Bullet   
205120569,[DLC - Bayle the Dread] Bullet
205120580,[DLC - Bayle the Dread] Bullet
205120581,[DLC - Bayle the Dread] Bullet 
205120582,[DLC - Bayle the Dread] Bullet  
205120583,[DLC - Bayle the Dread] Bullet   
205120584,[DLC - Bayle the Dread] Bullet    
205120585,[DLC - Bayle the Dread] Bullet     
205130122,[DLC - Messmer the Impaler] Bullet
205130171,[DLC - Messmer the Impaler] Bullet
205130181,[DLC - Messmer the Impaler] Bullet
205130211,[DLC - Messmer the Impaler] Bullet
205130212,[DLC - Messmer the Impaler] Bullet
205130213,[DLC - Messmer the Impaler] Bullet
205130214,[DLC - Messmer the Impaler] Bullet
205130215,[DLC - Messmer the Impaler] Bullet
205130216,[DLC - Messmer the Impaler] Bullet
205130217,[DLC - Messmer the Impaler] Bullet
205130219,[DLC - Messmer the Impaler] Bullet 
205130240,[DLC - Messmer the Impaler] Bullet
205130241,[DLC - Messmer the Impaler] Bullet 
205130242,[DLC - Messmer the Impaler] Bullet  
205130243,[DLC - Messmer the Impaler] Bullet   
205130271,[DLC - Messmer the Impaler] Bullet
205130272,[DLC - Messmer the Impaler] Bullet
205130273,[DLC - Messmer the Impaler] Bullet
205130274,[DLC - Messmer the Impaler] Bullet
205130275,[DLC - Messmer the Impaler] Bullet
205130276,[DLC - Messmer the Impaler] Bullet
205130279,[DLC - Messmer the Impaler] Bullet 
205130281,[DLC - Messmer the Impaler] Bullet
205130282,[DLC - Messmer the Impaler] Bullet
205130283,[DLC - Messmer the Impaler] Bullet
205130284,[DLC - Messmer the Impaler] Bullet
205130285,[DLC - Messmer the Impaler] Bullet
205130286,[DLC - Messmer the Impaler] Bullet
205130287,[DLC - Messmer the Impaler] Bullet
205130288,[DLC - Messmer the Impaler] Bullet
205130289,[DLC - Messmer the Impaler] Bullet 
205130300,[DLC - Messmer the Impaler] Bullet
205130350,[DLC - Messmer the Impaler] Bullet
205130351,[DLC - Messmer the Impaler] Bullet 
205130352,
205130353,
205130354,
205130355,[DLC - Messmer the Impaler] Bullet
205130356,
205130600,[DLC - Messmer the Impaler] Bullet
205130601,[DLC - Messmer the Impaler] Bullet
205130602,[DLC - Messmer the Impaler] Bullet
205130703,[DLC - Messmer the Impaler] Bullet
205130704,[DLC - Messmer the Impaler] Bullet
205130705,[DLC - Messmer the Impaler] Bullet
205130706,[DLC - Messmer the Impaler] Bullet 
205130720,[DLC - Messmer the Impaler] Bullet
205130721,[DLC - Messmer the Impaler] Bullet
205130722,[DLC - Messmer the Impaler] Bullet
205130723,[DLC - Messmer the Impaler] Bullet
205130724,[DLC - Messmer the Impaler] Bullet
205130725,[DLC - Messmer the Impaler] Bullet
205130726,[DLC - Messmer the Impaler] Bullet
205130727,[DLC - Messmer the Impaler] Bullet
205130728,[DLC - Messmer the Impaler] Bullet
205130729,[DLC - Messmer the Impaler] Bullet
205130730,[DLC - Messmer the Impaler] Bullet 
205130731,[DLC - Messmer the Impaler] Bullet 
205130732,[DLC - Messmer the Impaler] Bullet 
205130733,[DLC - Messmer the Impaler] Bullet  
205130734,[DLC - Messmer the Impaler] Bullet  
205130735,[DLC - Messmer the Impaler] Bullet  
205130736,[DLC - Messmer the Impaler] Bullet   
205130737,[DLC - Messmer the Impaler] Bullet    
205130740,[DLC - Messmer the Impaler] Bullet
205130750,[DLC - Messmer the Impaler] Bullet
205130751,[DLC - Messmer the Impaler] Bullet 
205130752,[DLC - Messmer the Impaler] Bullet  
205130760,
205130770,
205130771,
205130772,
205130773,
205130774,
205130775,
205130776,
205130780,[DLC - Messmer the Impaler] Bullet
205130781,[DLC - Messmer the Impaler] Bullet
205130782,[DLC - Messmer the Impaler] Bullet
205130783,[DLC - Messmer the Impaler] Bullet
205130784,[DLC - Messmer the Impaler] Bullet
205130785,
205130786,[DLC - Messmer the Impaler] Bullet 
205130790,
205130791,
205130792,
205130793,
205130999,
205140122,[DLC - Messmer: Base Serpent] Bullet
205140200,[DLC - Messmer: Base Serpent] Bullet
205160121,[DLC - Fire Knight] Bullet
205160122,[DLC - Fire Knight] Bullet 
205160140,[DLC - Fire Knight] Bullet
205160151,[DLC - Fire Knight] Bullet
205160152,[DLC - Fire Knight] Bullet 
205160171,[DLC - Fire Knight] Bullet
205160180,[DLC - Fire Knight] Bullet
205160190,[DLC - Fire Knight] Bullet
205160191,[DLC - Fire Knight] Bullet 
205160192,[DLC - Fire Knight] Bullet  
205160193,[DLC - Fire Knight] Bullet   
205160221,[DLC - Fire Knight] Bullet
205160222,[DLC - Fire Knight] Bullet 
205160231,[DLC - Fire Knight] Bullet
205160232,[DLC - Fire Knight] Bullet 
205160233,[DLC - Fire Knight] Bullet
205160234,[DLC - Fire Knight] Bullet 
205160241,[DLC - Fire Knight] Bullet
205160242,[DLC - Fire Knight] Bullet 
205160243,[DLC - Fire Knight] Bullet
205160244,[DLC - Fire Knight] Bullet 
205160251,[DLC - Fire Knight] Bullet
205160252,[DLC - Fire Knight] Bullet 
205160253,[DLC - Fire Knight] Bullet
205160254,[DLC - Fire Knight] Bullet 
205160260,[DLC - Fire Knight] Bullet
205160261,[DLC - Fire Knight] Bullet 
205160330,[DLC - Fire Knight] Bullet
205160331,[DLC - Fire Knight] Bullet 
205160332,[DLC - Fire Knight] Bullet  
205160333,[DLC - Fire Knight] Bullet   
205160350,[DLC - Fire Knight] Bullet
205160351,[DLC - Fire Knight] Bullet 
205160352,[DLC - Fire Knight] Bullet  
205160353,[DLC - Fire Knight] Bullet   
205160380,[DLC - Fire Knight] Bullet
205160381,[DLC - Fire Knight] Bullet 
205160382,[DLC - Fire Knight] Bullet  
205160383,[DLC - Fire Knight] Bullet   
205160390,[DLC - Fire Knight] Bullet
205160391,[DLC - Fire Knight] Bullet 
205160392,[DLC - Fire Knight] Bullet  
205160393,[DLC - Fire Knight] Bullet   
205160394,[DLC - Fire Knight] Bullet    
205160395,[DLC - Fire Knight] Bullet     
205160396,[DLC - Fire Knight] Bullet      
205160410,[DLC - Fire Knight] Bullet
205160411,[DLC - Fire Knight] Bullet 
205160412,[DLC - Fire Knight] Bullet  
205160413,[DLC - Fire Knight] Bullet   
205160540,[DLC - Fire Knight] Bullet
205160560,[DLC - Fire Knight] Bullet
205160570,[DLC - Fire Knight] Bullet
205160571,[DLC - Fire Knight] Bullet 
205160572,[DLC - Fire Knight] Bullet  
205160573,[DLC - Fire Knight] Bullet   
205160580,[DLC - Fire Knight] Bullet
205160581,[DLC - Fire Knight] Bullet 
205160582,[DLC - Fire Knight] Bullet  
205160583,[DLC - Fire Knight] Bullet   
205160590,[DLC - Fire Knight] Bullet
205160591,[DLC - Fire Knight] Bullet 
205160592,[DLC - Fire Knight] Bullet  
205160593,[DLC - Fire Knight] Bullet   
205160601,[DLC - Fire Knight] Bullet
205160610,[DLC - Fire Knight] Bullet
205160611,
205160612,
205160613,
205170000,[DLC - Furnace Golem] Bullet
205170001,[DLC - Furnace Golem] Bullet 
205170010,[DLC - Furnace Golem] Bullet
205170020,[DLC - Furnace Golem] Bullet
205170030,[DLC - Furnace Golem] Bullet
205170040,[DLC - Furnace Golem] Bullet
205170050,[DLC - Furnace Golem] Bullet
205170060,[DLC - Furnace Golem] Bullet
205170070,[DLC - Furnace Golem] Bullet 
205170071,[DLC - Furnace Golem] Bullet  
205170080,[DLC - Furnace Golem] Bullet
205170081,[DLC - Furnace Golem] Bullet 
205170090,[DLC - Furnace Golem] Bullet
205170091,[DLC - Furnace Golem] Bullet
205170100,[DLC - Furnace Golem] Bullet
205170101,[DLC - Furnace Golem] Bullet 
205170102,[DLC - Furnace Golem] Bullet  
205170103,[DLC - Furnace Golem] Bullet   
205170104,[DLC - Furnace Golem] Bullet    
205170105,[DLC - Furnace Golem] Bullet
205170106,[DLC - Furnace Golem] Bullet 
205170107,[DLC - Furnace Golem] Bullet  
205170110,[DLC - Furnace Golem] Bullet
205170111,[DLC - Furnace Golem] Bullet 
205170112,[DLC - Furnace Golem] Bullet  
205170113,[DLC - Furnace Golem] Bullet   
205170114,[DLC - Furnace Golem] Bullet    
205170115,[DLC - Furnace Golem] Bullet
205170116,[DLC - Furnace Golem] Bullet 
205170117,[DLC - Furnace Golem] Bullet  
205170118,[DLC - Furnace Golem] Bullet   
205170119,[DLC - Furnace Golem] Bullet    
205170120,[DLC - Furnace Golem] Bullet
205170121,[DLC - Furnace Golem] Bullet 
205170130,[DLC - Furnace Golem] Bullet
205170135,[DLC - Furnace Golem] Bullet
205170140,[DLC - Furnace Golem] Bullet
205170150,[DLC - Furnace Golem] Bullet
205170160,[DLC - Furnace Golem] Bullet
205170161,[DLC - Furnace Golem] Bullet 
205170170,[DLC - Furnace Golem] Bullet
205170180,[DLC - Furnace Golem] Bullet
205170181,[DLC - Furnace Golem] Bullet 
205170182,[DLC - Furnace Golem] Bullet  
205190000,[DLC - Spider Scorpion] Bullet
205190001,[DLC - Spider Scorpion] Bullet
205190003,[DLC - Spider Scorpion] Bullet
205190005,[DLC - Spider Scorpion] Bullet
205190192,[DLC - Spider Scorpion] Bullet
205200111,[DLC - Metyr- Mother of Fingers] Bullet
205200121,[DLC - Metyr- Mother of Fingers] Bullet
205200122,[DLC - Metyr- Mother of Fingers] Bullet 
205200123,[DLC - Metyr- Mother of Fingers] Bullet
205200124,[DLC - Metyr- Mother of Fingers] Bullet 
205200125,[DLC - Metyr- Mother of Fingers] Bullet  
205200126,[DLC - Metyr- Mother of Fingers] Bullet   
205200161,[DLC - Metyr- Mother of Fingers] Bullet
205200162,[DLC - Metyr- Mother of Fingers] Bullet
205200171,[DLC - Metyr- Mother of Fingers] Bullet
205200190,[DLC - Metyr- Mother of Fingers] Bullet
205200200,[DLC - Metyr- Mother of Fingers] Bullet
205200201,[DLC - Metyr- Mother of Fingers] Bullet
205200211,[DLC - Metyr- Mother of Fingers] Bullet
205200212,[DLC - Metyr- Mother of Fingers] Bullet
205200220,[DLC - Metyr- Mother of Fingers] Bullet
205200221,[DLC - Metyr- Mother of Fingers] Bullet 
205200222,[DLC - Metyr- Mother of Fingers] Bullet  
205200223,[DLC - Metyr- Mother of Fingers] Bullet   
205200224,[DLC - Metyr- Mother of Fingers] Bullet   
205200225,[DLC - Metyr- Mother of Fingers] Bullet    
205200226,[DLC - Metyr- Mother of Fingers] Bullet     
205200227,[DLC - Metyr- Mother of Fingers] Bullet      
205200228,[DLC - Metyr- Mother of Fingers] Bullet
205200229,[DLC - Metyr- Mother of Fingers] Bullet
205200240,[DLC - Metyr- Mother of Fingers] Bullet
205200241,[DLC - Metyr- Mother of Fingers] Bullet 
205200242,[DLC - Metyr- Mother of Fingers] Bullet  
205200243,[DLC - Metyr- Mother of Fingers] Bullet   
205200244,[DLC - Metyr- Mother of Fingers] Bullet   
205200245,[DLC - Metyr- Mother of Fingers] Bullet    
205200246,[DLC - Metyr- Mother of Fingers] Bullet     
205200247,[DLC - Metyr- Mother of Fingers] Bullet     
205200259,
205200271,[DLC - Metyr- Mother of Fingers] Bullet
205200281,[DLC - Metyr- Mother of Fingers] Bullet
205200300,[DLC - Metyr- Mother of Fingers] Bullet
205200301,[DLC - Metyr- Mother of Fingers] Bullet
205200320,[DLC - Metyr- Mother of Fingers] Bullet
205200321,[DLC - Metyr- Mother of Fingers] Bullet 
205200333,[DLC - Metyr- Mother of Fingers] Bullet
205200341,[DLC - Metyr- Mother of Fingers] Bullet
205200343,[DLC - Metyr- Mother of Fingers] Bullet
205200351,[DLC - Metyr- Mother of Fingers] Bullet
205200380,[DLC - Metyr- Mother of Fingers] Bullet
205200381,[DLC - Metyr- Mother of Fingers] Bullet
205200382,[DLC - Metyr- Mother of Fingers] Bullet
205210150,[DLC - Divine Beast Dancing Lion] Bullet
205210151,[DLC - Divine Beast Dancing Lion] Bullet
205210152,[DLC - Divine Beast Dancing Lion] Bullet 
205210155,[DLC - Divine Beast Dancing Lion] Bullet
205210156,[DLC - Divine Beast Dancing Lion] Bullet
205210157,[DLC - Divine Beast Dancing Lion] Bullet 
205210190,
205210191,[DLC - Divine Beast Dancing Lion] Bullet
205210192,[DLC - Divine Beast Dancing Lion] Bullet
205210193,
205210194,[DLC - Divine Beast Dancing Lion] Bullet 
205210195,[DLC - Divine Beast Dancing Lion] Bullet  
205210196,[DLC - Divine Beast Dancing Lion] Bullet   
205210200,[DLC - Divine Beast Dancing Lion] Bullet
205210201,[DLC - Divine Beast Dancing Lion] Bullet 
205210202,[DLC - Divine Beast Dancing Lion] Bullet  
205210203,[DLC - Divine Beast Dancing Lion] Bullet   
205210204,[DLC - Divine Beast Dancing Lion] Bullet    
205210205,[DLC - Divine Beast Dancing Lion] Bullet     
205210206,[DLC - Divine Beast Dancing Lion] Bullet      
205210207,[DLC - Divine Beast Dancing Lion] Bullet       
205210208,[DLC - Divine Beast Dancing Lion] Bullet  
205210209,[DLC - Divine Beast Dancing Lion] Bullet   
205210210,[DLC - Divine Beast Dancing Lion] Bullet
205210211,[DLC - Divine Beast Dancing Lion] Bullet 
205210212,[DLC - Divine Beast Dancing Lion] Bullet 
205210213,[DLC - Divine Beast Dancing Lion] Bullet  
205210214,[DLC - Divine Beast Dancing Lion] Bullet   
205210215,[DLC - Divine Beast Dancing Lion] Bullet    
205210216,[DLC - Divine Beast Dancing Lion] Bullet     
205210217,[DLC - Divine Beast Dancing Lion] Bullet
205210218,[DLC - Divine Beast Dancing Lion] Bullet 
205210220,[DLC - Divine Beast Dancing Lion] Bullet
205210221,[DLC - Divine Beast Dancing Lion] Bullet
205210222,[DLC - Divine Beast Dancing Lion] Bullet 
205210223,[DLC - Divine Beast Dancing Lion] Bullet  
205210225,[DLC - Divine Beast Dancing Lion] Bullet
205210226,[DLC - Divine Beast Dancing Lion] Bullet 
205210228,[DLC - Divine Beast Dancing Lion] Bullet
205210229,[DLC - Divine Beast Dancing Lion] Bullet 
205210240,[DLC - Divine Beast Dancing Lion] Bullet
205210241,[DLC - Divine Beast Dancing Lion] Bullet 
205210242,[DLC - Divine Beast Dancing Lion] Bullet  
205210243,[DLC - Divine Beast Dancing Lion] Bullet   
205210244,[DLC - Divine Beast Dancing Lion] Bullet    
205210245,[DLC - Divine Beast Dancing Lion] Bullet     
205210246,[DLC - Divine Beast Dancing Lion] Bullet      
205210247,[DLC - Divine Beast Dancing Lion] Bullet       
205210248,[DLC - Divine Beast Dancing Lion] Bullet  
205210249,
205210290,[DLC - Divine Beast Dancing Lion] Bullet
205210291,[DLC - Divine Beast Dancing Lion] Bullet 
205210292,[DLC - Divine Beast Dancing Lion] Bullet  
205210295,[DLC - Divine Beast Dancing Lion] Bullet
205210296,[DLC - Divine Beast Dancing Lion] Bullet 
205210297,[DLC - Divine Beast Dancing Lion] Bullet  
205210310,
205210311,[DLC - Divine Beast Dancing Lion] Bullet
205210350,[DLC - Divine Beast Dancing Lion] Bullet
205210400,[DLC - Divine Beast Dancing Lion] Bullet
205210401,[DLC - Divine Beast Dancing Lion] Bullet 
205210402,[DLC - Divine Beast Dancing Lion] Bullet  
205210403,[DLC - Divine Beast Dancing Lion] Bullet    
205210404,[DLC - Divine Beast Dancing Lion] Bullet     
205210410,[DLC - Divine Beast Dancing Lion] Bullet
205210420,[DLC - Divine Beast Dancing Lion] Bullet
205210430,[DLC - Divine Beast Dancing Lion] Bullet
205210431,[DLC - Divine Beast Dancing Lion] Bullet
205210432,[DLC - Divine Beast Dancing Lion] Bullet 
205210440,[DLC - Divine Beast Dancing Lion] Bullet
205210500,[DLC - Divine Beast Dancing Lion] Bullet
205210501,[DLC - Divine Beast Dancing Lion] Bullet 
205210502,[DLC - Divine Beast Dancing Lion] Bullet  
205210503,[DLC - Divine Beast Dancing Lion] Bullet   
205210504,[DLC - Divine Beast Dancing Lion] Bullet    
205210510,[DLC - Divine Beast Dancing Lion] Bullet
205210511,[DLC - Divine Beast Dancing Lion] Bullet
205210512,[DLC - Divine Beast Dancing Lion] Bullet 
205210600,[DLC - Divine Beast Dancing Lion] Bullet
205210610,[DLC - Divine Beast Dancing Lion] Bullet
205210915,
205210916,
205210917,
205210918,
205210919,
205210920,
205210921,
205210922,
205210980,[DLC - Divine Beast Dancing Lion] Bullet
205210981,[DLC - Divine Beast Dancing Lion] Bullet
205220162,[DLC - Promised Consort Radahn] Bullet
205220163,[DLC - Promised Consort Radahn] Bullet
205220164,[DLC - Promised Consort Radahn] Bullet 
205220165,[DLC - Promised Consort Radahn] Bullet  
205220166,[DLC - Promised Consort Radahn] Bullet   
205220167,[DLC - Promised Consort Radahn] Bullet
205220181,[DLC - Promised Consort Radahn] Bullet
205220190,[DLC - Promised Consort Radahn] Bullet
205220191,[DLC - Promised Consort Radahn] Bullet 
205220192,[DLC - Promised Consort Radahn] Bullet  
205220193,[DLC - Promised Consort Radahn] Bullet
205220194,[DLC - Promised Consort Radahn] Bullet 
205220195,[DLC - Promised Consort Radahn] Bullet  
205220202,[DLC - Promised Consort Radahn] Bullet
205220211,[DLC - Promised Consort Radahn] Bullet
205220220,[DLC - Promised Consort Radahn] Bullet
205220221,[DLC - Promised Consort Radahn] Bullet
205220222,[DLC - Promised Consort Radahn] Bullet
205220223,[DLC - Promised Consort Radahn] Bullet
205220224,[DLC - Promised Consort Radahn] Bullet
205220225,[DLC - Promised Consort Radahn] Bullet
205220240,[DLC - Promised Consort Radahn] Bullet
205220241,[DLC - Promised Consort Radahn] Bullet 
205220251,[DLC - Promised Consort Radahn] Bullet
205220252,[DLC - Promised Consort Radahn] Bullet 
205220253,[DLC - Promised Consort Radahn] Bullet  
205220261,[DLC - Promised Consort Radahn] Bullet
205220262,[DLC - Promised Consort Radahn] Bullet
205220265,[DLC - Promised Consort Radahn] Bullet
205220271,[DLC - Promised Consort Radahn] Bullet
205220281,[DLC - Promised Consort Radahn] Bullet
205220310,[DLC - Promised Consort Radahn] Bullet
205220311,[DLC - Promised Consort Radahn] Bullet 
205220312,[DLC - Promised Consort Radahn] Bullet  
205220313,[DLC - Promised Consort Radahn] Bullet  
205220314,[DLC - Promised Consort Radahn] Bullet   
205220315,[DLC - Promised Consort Radahn] Bullet    
205220316,[DLC - Promised Consort Radahn] Bullet     
205220317,[DLC - Promised Consort Radahn] Bullet      
205220321,[DLC - Promised Consort Radahn] Bullet
205220331,[DLC - Promised Consort Radahn] Bullet
205220400,[DLC - Promised Consort Radahn] Bullet
205220410,[DLC - Promised Consort Radahn] Bullet
205220436,[DLC - Promised Consort Radahn] Bullet
205220441,[DLC - Promised Consort Radahn] Bullet
205220442,[DLC - Promised Consort Radahn] Bullet
205220851,[DLC - Promised Consort Radahn] Bullet
205220900,[DLC - Promised Consort Radahn] Bullet
205220901,
205220902,
205220903,
205220904,
205220930,[DLC - Promised Consort Radahn] Bullet
205220931,[DLC - Promised Consort Radahn] Bullet 
205220932,[DLC - Promised Consort Radahn] Bullet  
205220933,[DLC - Promised Consort Radahn] Bullet   
205220940,[DLC - Promised Consort Radahn] Bullet
205220941,[DLC - Promised Consort Radahn] Bullet
205220942,[DLC - Promised Consort Radahn] Bullet
205220943,[DLC - Promised Consort Radahn] Bullet
205220944,[DLC - Promised Consort Radahn] Bullet 
205220945,[DLC - Promised Consort Radahn] Bullet  
205220950,[DLC - Promised Consort Radahn] Bullet
205220951,[DLC - Promised Consort Radahn] Bullet
205220952,[DLC - Promised Consort Radahn] Bullet
205220953,[DLC - Promised Consort Radahn] Bullet
205220954,
205220955,
205230105,[DLC - Scadutree Avatar] Bullet
205230125,[DLC - Scadutree Avatar] Bullet
205230135,[DLC - Scadutree Avatar] Bullet
205230136,[DLC - Scadutree Avatar] Bullet 
205230137,[DLC - Scadutree Avatar] Bullet  
205230145,[DLC - Scadutree Avatar] Bullet
205230155,[DLC - Scadutree Avatar] Bullet
205230165,[DLC - Scadutree Avatar] Bullet
205230185,[DLC - Scadutree Avatar] Bullet
205230195,[DLC - Scadutree Avatar] Bullet
205230196,[DLC - Scadutree Avatar] Bullet 
205230197,[DLC - Scadutree Avatar] Bullet  
205230198,[DLC - Scadutree Avatar] Bullet   
205230205,[DLC - Scadutree Avatar] Bullet
205230206,[DLC - Scadutree Avatar] Bullet 
205230207,[DLC - Scadutree Avatar] Bullet  
205230208,[DLC - Scadutree Avatar] Bullet 
205230209,[DLC - Scadutree Avatar] Bullet  
205230215,[DLC - Scadutree Avatar] Bullet
205230216,[DLC - Scadutree Avatar] Bullet
205230221,[DLC - Scadutree Avatar] Bullet  
205230230,
205230231,
205230232,
205230233,
205230245,[DLC - Scadutree Avatar] Bullet
205230255,[DLC - Scadutree Avatar] Bullet
205230280,[DLC - Scadutree Avatar] Bullet 
205230281,
205230282,
205230283,
205230285,[DLC - Scadutree Avatar] Bullet
205230286,[DLC - Scadutree Avatar] Bullet 
205230287,
205230288,
205230289,
205230298,[DLC - Scadutree Avatar] Bullet
205230299,[DLC - Scadutree Avatar] Bullet
205230300,[DLC - Scadutree Avatar] Bullet
205230301,
205230302,[DLC - Scadutree Avatar] Bullet 
205230303,[DLC - Scadutree Avatar] Bullet  
205230304,[DLC - Scadutree Avatar] Bullet   
205230320,[DLC - Scadutree Avatar] Bullet
205230321,[DLC - Scadutree Avatar] Bullet 
205230325,[DLC - Scadutree Avatar] Bullet  
205230326,[DLC - Scadutree Avatar] Bullet 
205230330,[DLC - Scadutree Avatar] Bullet   
205230331,[DLC - Scadutree Avatar] Bullet    
205230332,[DLC - Scadutree Avatar] Bullet     
205230335,[DLC - Scadutree Avatar] Bullet  
205230336,[DLC - Scadutree Avatar] Bullet   
205230337,[DLC - Scadutree Avatar] Bullet    
205230340,[DLC - Scadutree Avatar] Bullet
205230341,[DLC - Scadutree Avatar] Bullet 
205230342,[DLC - Scadutree Avatar] Bullet  
205230390,[DLC - Scadutree Avatar] Bullet 
205230391,[DLC - Scadutree Avatar] Bullet  
205230397,[DLC - Scadutree Avatar] Bullet  
205230398,[DLC - Scadutree Avatar] Bullet   
205230399,
205230405,[DLC - Scadutree Avatar] Bullet
205230406,[DLC - Scadutree Avatar] Bullet 
205230407,[DLC - Scadutree Avatar] Bullet  
205230420,[DLC - Scadutree Avatar] Bullet 
205230440,[DLC - Scadutree Avatar] Bullet
205230441,[DLC - Scadutree Avatar] Bullet 
205230442,[DLC - Scadutree Avatar] Bullet  
205230443,[DLC - Scadutree Avatar] Bullet   
205230444,[DLC - Scadutree Avatar] Bullet    
205230445,[DLC - Scadutree Avatar] Bullet     
205230446,
205230450,[DLC - Scadutree Avatar] Bullet 
205230451,[DLC - Scadutree Avatar] Bullet  
205230460,[DLC - Scadutree Avatar] Bullet  
205230461,[DLC - Scadutree Avatar] Bullet   
205230462,[DLC - Scadutree Avatar] Bullet    
205230465,[DLC - Scadutree Avatar] Bullet   
205230466,[DLC - Scadutree Avatar] Bullet    
205230467,[DLC - Scadutree Avatar] Bullet     
205230500,[DLC - Scadutree Avatar] Bullet
205230501,[DLC - Scadutree Avatar] Bullet 
205230525,[DLC - Scadutree Avatar] Bullet
205230545,[DLC - Scadutree Avatar] Bullet
205240160,[DLC - Commoner (Pot)] Bullet
205240170,[DLC - Commoner (Pot)] Bullet
205240180,[DLC - Commoner (Pot)] Bullet
205240200,[DLC - Commoner (Pot)] Bullet
205240210,[DLC - Commoner (Pot)] Bullet
205240220,[DLC - Commoner (Pot)] Bullet
205240221,[DLC - Commoner (Pot)] Bullet 
205240240,[DLC - Commoner (Pot)] Bullet
205240241,[DLC - Commoner (Pot)] Bullet 
205240250,[DLC - Commoner (Pot)] Bullet
205240251,[DLC - Commoner (Pot)] Bullet 
205240252,[DLC - Commoner (Pot)] Bullet  
205240253,[DLC - Commoner (Pot)] Bullet   
205240254,[DLC - Commoner (Pot)] Bullet    
205240300,[DLC - Commoner (Pot)] Bullet
205240301,[DLC - Commoner (Pot)] Bullet 
205240302,[DLC - Commoner (Pot)] Bullet  
205240303,[DLC - Commoner (Pot)] Bullet   
205240310,[DLC - Commoner (Pot)] Bullet
205240311,[DLC - Commoner (Pot)] Bullet 
205240312,[DLC - Commoner (Pot)] Bullet  
205240313,[DLC - Commoner (Pot)] Bullet   
205240314,[DLC - Commoner (Pot)] Bullet    
205240315,[DLC - Commoner (Pot)] Bullet     
205240320,[DLC - Commoner (Pot)] Bullet
205240330,[DLC - Commoner (Pot)] Bullet
205240331,[DLC - Commoner (Pot)] Bullet 
205240340,[DLC - Commoner (Pot)] Bullet
205240350,[DLC - Commoner (Pot)] Bullet
205240351,[DLC - Commoner (Pot)] Bullet 
205240352,[DLC - Commoner (Pot)] Bullet  
205240353,[DLC - Commoner (Pot)] Bullet   
205240354,[DLC - Commoner (Pot)] Bullet    
205240355,[DLC - Commoner (Pot)] Bullet     
205240356,[DLC - Commoner (Pot)] Bullet      
205240357,[DLC - Commoner (Pot)] Bullet       
205240358,[DLC - Commoner (Pot)] Bullet        
205240359,[DLC - Commoner (Pot)] Bullet         
205240360,[DLC - Commoner (Pot)] Bullet
205240361,[DLC - Commoner (Pot)] Bullet 
205240362,[DLC - Commoner (Pot)] Bullet  
205240363,[DLC - Commoner (Pot)] Bullet   
205240364,[DLC - Commoner (Pot)] Bullet    
205240365,[DLC - Commoner (Pot)] Bullet     
205240366,[DLC - Commoner (Pot)] Bullet      
205240367,[DLC - Commoner (Pot)] Bullet       
205240368,[DLC - Commoner (Pot)] Bullet        
205240369,[DLC - Commoner (Pot)] Bullet         
205240370,[DLC - Commoner (Pot)] Bullet
205240371,[DLC - Commoner (Pot)] Bullet 
205240372,[DLC - Commoner (Pot)] Bullet  
205240373,[DLC - Commoner (Pot)] Bullet   
205240374,[DLC - Commoner (Pot)] Bullet    
205250210,[DLC - Horned Warrior] Bullet
205250211,[DLC - Horned Warrior] Bullet 
205250220,[DLC - Horned Warrior] Bullet
205250221,[DLC - Horned Warrior] Bullet 
205250222,[DLC - Horned Warrior] Bullet  
205250223,[DLC - Horned Warrior] Bullet   
205250224,[DLC - Horned Warrior] Bullet    
205250250,[DLC - Horned Warrior] Bullet
205250251,[DLC - Horned Warrior] Bullet
205250260,[DLC - Horned Warrior] Bullet
205250290,[DLC - Horned Warrior] Bullet
205250291,[DLC - Horned Warrior] Bullet
205250300,[DLC - Horned Warrior] Bullet
205250301,[DLC - Horned Warrior] Bullet
205250451,[DLC - Horned Warrior] Bullet
205250485,[DLC - Horned Warrior] Bullet
205250486,[DLC - Horned Warrior] Bullet 
205250487,[DLC - Horned Warrior] Bullet  
205250491,[DLC - Horned Warrior] Bullet
205250492,[DLC - Horned Warrior] Bullet 
205250493,[DLC - Horned Warrior] Bullet  
205250494,[DLC - Horned Warrior] Bullet   
205250495,[DLC - Horned Warrior] Bullet    
205250496,[DLC - Horned Warrior] Bullet     
205250497,[DLC - Horned Warrior] Bullet      
205250498,[DLC - Horned Warrior] Bullet       
205250499,[DLC - Horned Warrior] Bullet        
205250500,[DLC - Horned Warrior] Bullet
205250501,[DLC - Horned Warrior] Bullet 
205250502,[DLC - Horned Warrior] Bullet  
205250503,[DLC - Horned Warrior] Bullet   
205250504,[DLC - Horned Warrior] Bullet    
205250511,[DLC - Horned Warrior] Bullet
205250520,[DLC - Horned Warrior] Bullet
205250524,[DLC - Horned Warrior] Bullet 
205250525,[DLC - Horned Warrior] Bullet  
205250526,[DLC - Horned Warrior] Bullet   
205250527,[DLC - Horned Warrior] Bullet    
205250528,[DLC - Horned Warrior] Bullet     
205250535,[DLC - Horned Warrior] Bullet
205250540,[DLC - Horned Warrior] Bullet
205250541,[DLC - Horned Warrior] Bullet 
205250542,[DLC - Horned Warrior] Bullet  
205250543,[DLC - Horned Warrior] Bullet   
205250544,[DLC - Horned Warrior] Bullet    
205250545,[DLC - Horned Warrior] Bullet     
205250546,[DLC - Horned Warrior] Bullet      
205250547,[DLC - Horned Warrior] Bullet       
205250548,[DLC - Horned Warrior] Bullet  
205250549,[DLC - Horned Warrior] Bullet   
205250560,[DLC - Horned Warrior] Bullet
205250561,[DLC - Horned Warrior] Bullet
205250562,[DLC - Horned Warrior] Bullet
205250581,[DLC - Horned Warrior] Bullet
205250582,[DLC - Horned Warrior] Bullet
205250583,[DLC - Horned Warrior] Bullet
205250584,[DLC - Horned Warrior] Bullet
205250585,[DLC - Horned Warrior] Bullet 
205250586,[DLC - Horned Warrior] Bullet 
205250587,[DLC - Horned Warrior] Bullet  
205250588,[DLC - Horned Warrior] Bullet   
205250593,[DLC - Horned Warrior] Bullet
205250594,[DLC - Horned Warrior] Bullet
205250602,[DLC - Horned Warrior] Bullet
205250700,[DLC - Horned Warrior] Bullet
205250701,[DLC - Horned Warrior] Bullet 
205250702,[DLC - Horned Warrior] Bullet
205260160,[DLC - Golem Smith] Bullet
205260170,[DLC - Golem Smith] Bullet
205260220,[DLC - Golem Smith] Bullet
205260221,[DLC - Golem Smith] Bullet 
205260222,[DLC - Golem Smith] Bullet
205260223,[DLC - Golem Smith] Bullet 
205260224,[DLC - Golem Smith] Bullet
205260225,[DLC - Golem Smith] Bullet
205260226,[DLC - Golem Smith] Bullet
205260227,[DLC - Golem Smith] Bullet 
205260230,[DLC - Golem Smith] Bullet
205260231,[DLC - Golem Smith] Bullet
205260232,[DLC - Golem Smith] Bullet
205260280,[DLC - Golem Smith] Bullet
205260281,[DLC - Golem Smith] Bullet
205260282,[DLC - Golem Smith] Bullet 
205260290,[DLC - Golem Smith] Bullet
205260291,[DLC - Golem Smith] Bullet 
205270140,[DLC - Jar Innards] Bullet
205270141,[DLC - Jar Innards] Bullet 
205270142,[DLC - Jar Innards] Bullet  
205270143,[DLC - Jar Innards] Bullet   
205270144,[DLC - Jar Innards] Bullet    
205270145,[DLC - Jar Innards] Bullet
205270150,[DLC - Jar Innards] Bullet
205270160,[DLC - Jar Innards] Bullet
205270161,[DLC - Jar Innards] Bullet
205270170,[DLC - Jar Innards] Bullet
205270181,[DLC - Jar Innards] Bullet
205271140,[DLC - Jar Innards] Bullet
205271141,[DLC - Jar Innards] Bullet 
205271142,[DLC - Jar Innards] Bullet  
205271143,[DLC - Jar Innards] Bullet   
205271144,[DLC - Jar Innards] Bullet    
205271145,[DLC - Jar Innards] Bullet
205271150,[DLC - Jar Innards] Bullet
205271160,[DLC - Jar Innards] Bullet
205271161,[DLC - Jar Innards] Bullet
205271170,[DLC - Jar Innards] Bullet
205271181,[DLC - Jar Innards] Bullet
205280000,[DLC - Winter-Lantern] Bullet
205280001,[DLC - Winter-Lantern] Bullet
205280002,[DLC - Winter-Lantern] Bullet
205280003,
205280004,
205280005,[DLC - Winter-Lantern] Bullet
205280010,
205300600,[DLC - Rellana- Twin Moon Knight] Bullet
205300601,[DLC - Rellana- Twin Moon Knight] Bullet 
205300602,[DLC - Rellana- Twin Moon Knight] Bullet  
205300610,[DLC - Rellana- Twin Moon Knight] Bullet
205300611,
205300620,[DLC - Rellana- Twin Moon Knight] Bullet
205300621,[DLC - Rellana- Twin Moon Knight] Bullet
205300622,
205300625,[DLC - Rellana- Twin Moon Knight] Bullet 
205300626,[DLC - Rellana- Twin Moon Knight] Bullet 
205300660,[DLC - Rellana- Twin Moon Knight] Bullet
205300661,[DLC - Rellana- Twin Moon Knight] Bullet 
205300670,[DLC - Rellana- Twin Moon Knight] Bullet
205300671,[DLC - Rellana- Twin Moon Knight] Bullet 
205300680,[DLC - Rellana- Twin Moon Knight] Bullet
205300681,[DLC - Rellana- Twin Moon Knight] Bullet 
205300682,[DLC - Rellana- Twin Moon Knight] Bullet  
205300683,[DLC - Rellana- Twin Moon Knight] Bullet   
205300684,[DLC - Rellana- Twin Moon Knight] Bullet   
205300690,[DLC - Rellana- Twin Moon Knight] Bullet
205300691,[DLC - Rellana- Twin Moon Knight] Bullet 
205300692,[DLC - Rellana- Twin Moon Knight] Bullet  
205300693,[DLC - Rellana- Twin Moon Knight] Bullet   
205300694,[DLC - Rellana- Twin Moon Knight] Bullet   
205300710,[DLC - Rellana- Twin Moon Knight] Bullet
205300711,[DLC - Rellana- Twin Moon Knight] Bullet 
205300712,
205300713,
205300714,
205300715,
205300716,
205300717,
205300720,[DLC - Rellana- Twin Moon Knight] Bullet
205300721,[DLC - Rellana- Twin Moon Knight] Bullet
205300722,[DLC - Rellana- Twin Moon Knight] Bullet
205300723,[DLC - Rellana- Twin Moon Knight] Bullet
205300728,[DLC - Rellana- Twin Moon Knight] Bullet 
205300730,[DLC - Rellana- Twin Moon Knight] Bullet
205300731,[DLC - Rellana- Twin Moon Knight] Bullet 
205300732,[DLC - Rellana- Twin Moon Knight] Bullet  
205300733,[DLC - Rellana- Twin Moon Knight] Bullet  
205300734,[DLC - Rellana- Twin Moon Knight] Bullet   
205300735,[DLC - Rellana- Twin Moon Knight] Bullet   
205300736,[DLC - Rellana- Twin Moon Knight] Bullet    
205300737,[DLC - Rellana- Twin Moon Knight] Bullet    
205300738,[DLC - Rellana- Twin Moon Knight] Bullet     
205300750,[DLC - Rellana- Twin Moon Knight] Bullet
205300751,[DLC - Rellana- Twin Moon Knight] Bullet 
205300752,[DLC - Rellana- Twin Moon Knight] Bullet  
205300753,[DLC - Rellana- Twin Moon Knight] Bullet  
205300754,[DLC - Rellana- Twin Moon Knight] Bullet   
205300755,
205300756,
205300757,
205300758,
205300760,[DLC - Rellana- Twin Moon Knight] Bullet
205300761,[DLC - Rellana- Twin Moon Knight] Bullet 
205300762,[DLC - Rellana- Twin Moon Knight] Bullet
205300763,[DLC - Rellana- Twin Moon Knight] Bullet 
205300764,[DLC - Rellana- Twin Moon Knight] Bullet
205300765,[DLC - Rellana- Twin Moon Knight] Bullet
205300766,[DLC - Rellana- Twin Moon Knight] Bullet 
205300767,[DLC - Rellana- Twin Moon Knight] Bullet  
205300768,[DLC - Rellana- Twin Moon Knight] Bullet   
205300801,[DLC - Rellana- Twin Moon Knight] Bullet
205300802,[DLC - Rellana- Twin Moon Knight] Bullet
205300804,[DLC - Rellana- Twin Moon Knight] Bullet
205300805,[DLC - Rellana- Twin Moon Knight] Bullet
205300807,[DLC - Rellana- Twin Moon Knight] Bullet
205300808,[DLC - Rellana- Twin Moon Knight] Bullet
205300811,[DLC - Rellana- Twin Moon Knight] Bullet
205300812,[DLC - Rellana- Twin Moon Knight] Bullet
205300813,[DLC - Rellana- Twin Moon Knight] Bullet
205300814,[DLC - Rellana- Twin Moon Knight] Bullet
205300815,[DLC - Rellana- Twin Moon Knight] Bullet
205300816,[DLC - Rellana- Twin Moon Knight] Bullet
205300817,[DLC - Rellana- Twin Moon Knight] Bullet
205300818,[DLC - Rellana- Twin Moon Knight] Bullet
205300819,[DLC - Rellana- Twin Moon Knight] Bullet
205300820,[DLC - Rellana- Twin Moon Knight] Bullet
205300821,[DLC - Rellana- Twin Moon Knight] Bullet
205300822,[DLC - Rellana- Twin Moon Knight] Bullet
205300823,
205300824,
205300825,
205300826,
205300827,
205300828,
205300829,
205300830,
205300831,
205300832,
205300833,
205300834,
205300835,
205300836,
205300840,[DLC - Rellana- Twin Moon Knight] Bullet 
205300841,[DLC - Rellana- Twin Moon Knight] Bullet  
205300842,
205300843,
205300845,[DLC - Rellana- Twin Moon Knight] Bullet 
205300846,[DLC - Rellana- Twin Moon Knight] Bullet  
205300848,
205300849,
205300850,[DLC - Rellana- Twin Moon Knight] Bullet
205300852,[DLC - Rellana- Twin Moon Knight] Bullet
205300853,[DLC - Rellana- Twin Moon Knight] Bullet
205300855,[DLC - Rellana- Twin Moon Knight] Bullet
205300856,[DLC - Rellana- Twin Moon Knight] Bullet
205300858,[DLC - Rellana- Twin Moon Knight] Bullet
205300859,[DLC - Rellana- Twin Moon Knight] Bullet
205300860,[DLC - Rellana- Twin Moon Knight] Bullet
205300861,[DLC - Rellana- Twin Moon Knight] Bullet
205300862,[DLC - Rellana- Twin Moon Knight] Bullet
205300863,[DLC - Rellana- Twin Moon Knight] Bullet
205300864,[DLC - Rellana- Twin Moon Knight] Bullet
205300865,[DLC - Rellana- Twin Moon Knight] Bullet
205300866,[DLC - Rellana- Twin Moon Knight] Bullet
205300868,[DLC - Rellana- Twin Moon Knight] Bullet
205300869,[DLC - Rellana- Twin Moon Knight] Bullet
205300870,[DLC - Rellana- Twin Moon Knight] Bullet
205300890,[DLC - Rellana- Twin Moon Knight] Bullet 
205300891,[DLC - Rellana- Twin Moon Knight] Bullet  
205300894,
205300895,
205300896,
205310110,
205310111,
205310120,
205310121,
205310130,
205310210,
205310211,
205310212,
205310213,
205310219,
205310220,
205310221,
205310230,
205310240,
205310310,
205310311,
205310312,
205310313,
205310314,
205310315,
205310316,
205310317,
205310320,
205310321,
205310322,
205310335,
205310336,
205310340,
205310350,
205310351,
205310360,
205310361,
205310362,
205310370,
205310371,
205310380,
205310381,
205310390,
205310391,
205320130,[DLC - Fat Inquisitor] Bullet
205320131,[DLC - Fat Inquisitor] Bullet
205320132,[DLC - Fat Inquisitor] Bullet
205320139,[DLC - Fat Inquisitor] Bullet 
205320170,[DLC - Fat Inquisitor] Bullet
205320171,[DLC - Fat Inquisitor] Bullet 
205320180,[DLC - Fat Inquisitor] Bullet
205320181,[DLC - Fat Inquisitor] Bullet 
205320200,[DLC - Fat Inquisitor] Bullet
205320201,[DLC - Fat Inquisitor] Bullet
205320202,[DLC - Fat Inquisitor] Bullet
205350000,[DLC - Basilisk Eyes] Bullet
205350001,[DLC - Basilisk Eyes] Bullet
205350002,[DLC - Basilisk Eyes] Bullet
205350003,[DLC - Basilisk Eyes] Bullet
205360100,[DLC - Giant Beast Skeleton] Bullet
205360101,[DLC - Giant Beast Skeleton] Bullet
205360340,[DLC - Giant Beast Skeleton] Bullet
205360341,[DLC - Giant Beast Skeleton] Bullet 
205360350,[DLC - Giant Beast Skeleton] Bullet
205360351,[DLC - Giant Beast Skeleton] Bullet 
205360352,[DLC - Giant Beast Skeleton] Bullet  
205360353,[DLC - Giant Beast Skeleton] Bullet   
205360550,[DLC - Giant Beast Skeleton] Bullet
205360551,[DLC - Giant Beast Skeleton] Bullet 
205360810,[DLC - Giant Beast Skeleton] Bullet
205360890,[DLC - Giant Beast Skeleton] Bullet
205360891,[DLC - Giant Beast Skeleton] Bullet
205370171,
205370181,
205370191,
205370192,
205370200,[DLC - Ancient Dragon Senessax] Bullet
205370201,[DLC - Ancient Dragon Senessax] Bullet 
205370205,[DLC - Ancient Dragon Senessax] Bullet
205370241,[DLC - Ancient Dragon Senessax] Bullet
205370252,[DLC - Ancient Dragon Senessax] Bullet
205370253,[DLC - Ancient Dragon Senessax] Bullet
205370290,[DLC - Ancient Dragon Senessax] Bullet
205370330,[DLC - Ancient Dragon Senessax] Bullet
205370340,[DLC - Ancient Dragon Senessax] Bullet
205370341,[DLC - Ancient Dragon Senessax] Bullet 
205370390,[DLC - Ancient Dragon Senessax] Bullet
205370391,[DLC - Ancient Dragon Senessax] Bullet 
205370392,[DLC - Ancient Dragon Senessax] Bullet  
205370393,[DLC - Ancient Dragon Senessax] Bullet   
205370399,[DLC - Ancient Dragon Senessax] Bullet
205370500,[DLC - Ancient Dragon Senessax] Bullet
205370501,[DLC - Ancient Dragon Senessax] Bullet
205370502,[DLC - Ancient Dragon Senessax] Bullet 
205370503,[DLC - Ancient Dragon Senessax] Bullet  
205370504,[DLC - Ancient Dragon Senessax] Bullet   
205370505,[DLC - Ancient Dragon Senessax] Bullet    
205370506,[DLC - Ancient Dragon Senessax] Bullet     
205370507,[DLC - Ancient Dragon Senessax] Bullet      
205370508,[DLC - Ancient Dragon Senessax] Bullet       
205370509,[DLC - Ancient Dragon Senessax] Bullet        
205370510,[DLC - Ancient Dragon Senessax] Bullet         
205370511,[DLC - Ancient Dragon Senessax] Bullet
205370512,[DLC - Ancient Dragon Senessax] Bullet 
205370513,[DLC - Ancient Dragon Senessax] Bullet
205370514,[DLC - Ancient Dragon Senessax] Bullet 
205370515,[DLC - Ancient Dragon Senessax] Bullet  
205370516,[DLC - Ancient Dragon Senessax] Bullet   
205370517,[DLC - Ancient Dragon Senessax] Bullet    
205370518,[DLC - Ancient Dragon Senessax] Bullet     
205370519,[DLC - Ancient Dragon Senessax] Bullet      
205370520,[DLC - Ancient Dragon Senessax] Bullet
205370521,[DLC - Ancient Dragon Senessax] Bullet 
205370522,[DLC - Ancient Dragon Senessax] Bullet  
205370523,[DLC - Ancient Dragon Senessax] Bullet
205370524,[DLC - Ancient Dragon Senessax] Bullet 
205370525,[DLC - Ancient Dragon Senessax] Bullet  
205370526,[DLC - Ancient Dragon Senessax] Bullet   
205370527,[DLC - Ancient Dragon Senessax] Bullet    
205370528,[DLC - Ancient Dragon Senessax] Bullet     
205370529,[DLC - Ancient Dragon Senessax] Bullet      
205370530,[DLC - Ancient Dragon Senessax] Bullet       
205370531,[DLC - Ancient Dragon Senessax] Bullet        
205370532,[DLC - Ancient Dragon Senessax] Bullet         
205370533,[DLC - Ancient Dragon Senessax] Bullet
205370534,[DLC - Ancient Dragon Senessax] Bullet 
205370535,[DLC - Ancient Dragon Senessax] Bullet  
205370536,[DLC - Ancient Dragon Senessax] Bullet
205370537,[DLC - Ancient Dragon Senessax] Bullet 
205370538,[DLC - Ancient Dragon Senessax] Bullet  
205370539,[DLC - Ancient Dragon Senessax] Bullet
205370540,[DLC - Ancient Dragon Senessax] Bullet 
205370541,[DLC - Ancient Dragon Senessax] Bullet  
205370542,[DLC - Ancient Dragon Senessax] Bullet
205370543,[DLC - Ancient Dragon Senessax] Bullet 
205370544,[DLC - Ancient Dragon Senessax] Bullet  
205370545,[DLC - Ancient Dragon Senessax] Bullet
205370546,[DLC - Ancient Dragon Senessax] Bullet 
205370547,[DLC - Ancient Dragon Senessax] Bullet  
205370548,[DLC - Ancient Dragon Senessax] Bullet
205370549,[DLC - Ancient Dragon Senessax] Bullet 
205370550,[DLC - Ancient Dragon Senessax] Bullet  
205370551,[DLC - Ancient Dragon Senessax] Bullet
205370552,[DLC - Ancient Dragon Senessax] Bullet 
205370553,[DLC - Ancient Dragon Senessax] Bullet  
205370554,[DLC - Ancient Dragon Senessax] Bullet
205370555,[DLC - Ancient Dragon Senessax] Bullet 
205370556,[DLC - Ancient Dragon Senessax] Bullet  
205370557,[DLC - Ancient Dragon Senessax] Bullet
205370558,[DLC - Ancient Dragon Senessax] Bullet 
205370559,[DLC - Ancient Dragon Senessax] Bullet  
205370560,[DLC - Ancient Dragon Senessax] Bullet
205370561,[DLC - Ancient Dragon Senessax] Bullet 
205370562,[DLC - Ancient Dragon Senessax] Bullet  
205370563,[DLC - Ancient Dragon Senessax] Bullet
205370564,[DLC - Ancient Dragon Senessax] Bullet 
205370565,[DLC - Ancient Dragon Senessax] Bullet  
205370570,[DLC - Ancient Dragon Senessax] Bullet   
205370571,
205370572,
205370580,[DLC - Ancient Dragon Senessax] Bullet
205370581,[DLC - Ancient Dragon Senessax] Bullet 
205370582,[DLC - Ancient Dragon Senessax] Bullet  
205370583,[DLC - Ancient Dragon Senessax] Bullet   
205370584,[DLC - Ancient Dragon Senessax] Bullet    
205370585,[DLC - Ancient Dragon Senessax] Bullet     
205370586,[DLC - Ancient Dragon Senessax] Bullet      
205370587,[DLC - Ancient Dragon Senessax] Bullet       
205370588,[DLC - Ancient Dragon Senessax] Bullet        
205370589,[DLC - Ancient Dragon Senessax] Bullet         
205370590,[DLC - Ancient Dragon Senessax] Bullet          
205370591,[DLC - Ancient Dragon Senessax] Bullet           
205370592,[DLC - Ancient Dragon Senessax] Bullet            
205370593,[DLC - Ancient Dragon Senessax] Bullet   
205370594,[DLC - Ancient Dragon Senessax] Bullet    
205370595,[DLC - Ancient Dragon Senessax] Bullet     
205370596,[DLC - Ancient Dragon Senessax] Bullet      
205370597,[DLC - Ancient Dragon Senessax] Bullet       
205370598,[DLC - Ancient Dragon Senessax] Bullet        
205370599,[DLC - Ancient Dragon Senessax] Bullet         
205370600,[DLC - Ancient Dragon Senessax] Bullet          
205370601,[DLC - Ancient Dragon Senessax] Bullet           
205370602,[DLC - Ancient Dragon Senessax] Bullet            
205370603,[DLC - Ancient Dragon Senessax] Bullet
205370700,[DLC - Ancient Dragon Senessax] Bullet
205370701,[DLC - Ancient Dragon Senessax] Bullet 
205370702,[DLC - Ancient Dragon Senessax] Bullet   
205370703,[DLC - Ancient Dragon Senessax] Bullet  
205370704,[DLC - Ancient Dragon Senessax] Bullet   
205370705,
205370706,[DLC - Ancient Dragon Senessax] Bullet
205370707,[DLC - Ancient Dragon Senessax] Bullet 
205370708,[DLC - Ancient Dragon Senessax] Bullet  
205370709,[DLC - Ancient Dragon Senessax] Bullet
205370710,[DLC - Ancient Dragon Senessax] Bullet 
205370711,[DLC - Ancient Dragon Senessax] Bullet  
205370712,[DLC - Ancient Dragon Senessax] Bullet
205370713,[DLC - Ancient Dragon Senessax] Bullet 
205370714,[DLC - Ancient Dragon Senessax] Bullet  
205370715,[DLC - Ancient Dragon Senessax] Bullet
205370716,[DLC - Ancient Dragon Senessax] Bullet 
205370717,[DLC - Ancient Dragon Senessax] Bullet  
205370718,[DLC - Ancient Dragon Senessax] Bullet
205370719,[DLC - Ancient Dragon Senessax] Bullet 
205370720,[DLC - Ancient Dragon Senessax] Bullet  
205370721,[DLC - Ancient Dragon Senessax] Bullet
205370722,[DLC - Ancient Dragon Senessax] Bullet 
205370723,[DLC - Ancient Dragon Senessax] Bullet  
205370724,[DLC - Ancient Dragon Senessax] Bullet
205370725,[DLC - Ancient Dragon Senessax] Bullet 
205370726,[DLC - Ancient Dragon Senessax] Bullet  
205370727,[DLC - Ancient Dragon Senessax] Bullet
205370728,[DLC - Ancient Dragon Senessax] Bullet 
205370729,[DLC - Ancient Dragon Senessax] Bullet  
205370730,[DLC - Ancient Dragon Senessax] Bullet
205370731,[DLC - Ancient Dragon Senessax] Bullet 
205370732,[DLC - Ancient Dragon Senessax] Bullet  
205370733,[DLC - Ancient Dragon Senessax] Bullet
205370734,[DLC - Ancient Dragon Senessax] Bullet 
205370735,[DLC - Ancient Dragon Senessax] Bullet  
205370736,[DLC - Ancient Dragon Senessax] Bullet
205370737,[DLC - Ancient Dragon Senessax] Bullet 
205370738,[DLC - Ancient Dragon Senessax] Bullet  
205370800,[DLC - Ancient Dragon Senessax] Bullet
205370801,[DLC - Ancient Dragon Senessax] Bullet
205370802,[DLC - Ancient Dragon Senessax] Bullet
205370803,[DLC - Ancient Dragon Senessax] Bullet
205370804,[DLC - Ancient Dragon Senessax] Bullet
205370810,[DLC - Ancient Dragon Senessax] Bullet
205370811,[DLC - Ancient Dragon Senessax] Bullet 
205370820,[DLC - Ancient Dragon Senessax] Bullet
205370821,[DLC - Ancient Dragon Senessax] Bullet 
205370822,[DLC - Ancient Dragon Senessax] Bullet  
205370830,[DLC - Ancient Dragon Senessax] Bullet
205370831,[DLC - Ancient Dragon Senessax] Bullet 
205370832,[DLC - Ancient Dragon Senessax] Bullet  
205370840,
205370841,
205370842,
205370843,
205370844,
205370845,
205370846,
205370847,
205370848,
205370849,
205370850,
205370851,[DLC - Ancient Dragon Senessax] Bullet  
205370852,[DLC - Ancient Dragon Senessax] Bullet   
205370853,[DLC - Ancient Dragon Senessax] Bullet    
205370854,[DLC - Ancient Dragon Senessax] Bullet     
205370855,[DLC - Ancient Dragon Senessax] Bullet      
205370856,[DLC - Ancient Dragon Senessax] Bullet       
205370857,[DLC - Ancient Dragon Senessax] Bullet        
205370858,[DLC - Ancient Dragon Senessax] Bullet         
205370859,[DLC - Ancient Dragon Senessax] Bullet          
205370860,[DLC - Ancient Dragon Senessax] Bullet           
205370861,[DLC - Ancient Dragon Senessax] Bullet   
205370862,[DLC - Ancient Dragon Senessax] Bullet    
205370863,[DLC - Ancient Dragon Senessax] Bullet     
205370864,[DLC - Ancient Dragon Senessax] Bullet      
205370865,[DLC - Ancient Dragon Senessax] Bullet       
205370866,[DLC - Ancient Dragon Senessax] Bullet        
205370867,[DLC - Ancient Dragon Senessax] Bullet         
205370868,[DLC - Ancient Dragon Senessax] Bullet          
205370869,[DLC - Ancient Dragon Senessax] Bullet           
205370870,[DLC - Ancient Dragon Senessax] Bullet            
205370900,[DLC - Ancient Dragon Senessax] Bullet
205370910,[DLC - Ancient Dragon Senessax] Bullet
205370911,[DLC - Ancient Dragon Senessax] Bullet 
205370912,[DLC - Ancient Dragon Senessax] Bullet  
205370920,[DLC - Ancient Dragon Senessax] Bullet
205370921,[DLC - Ancient Dragon Senessax] Bullet
205370922,[DLC - Ancient Dragon Senessax] Bullet
205370923,[DLC - Ancient Dragon Senessax] Bullet
205370930,[DLC - Ancient Dragon Senessax] Bullet
205370931,[DLC - Ancient Dragon Senessax] Bullet 
205370932,[DLC - Ancient Dragon Senessax] Bullet  
205370935,[DLC - Ancient Dragon Senessax] Bullet
205370940,[DLC - Ancient Dragon Senessax] Bullet
205370941,[DLC - Ancient Dragon Senessax] Bullet 
205370950,[DLC - Ancient Dragon Senessax] Bullet
205370951,[DLC - Ancient Dragon Senessax] Bullet 
205370960,[DLC - Ancient Dragon Senessax] Bullet
205370961,[DLC - Ancient Dragon Senessax] Bullet 
205370962,[DLC - Ancient Dragon Senessax] Bullet  
205370963,[DLC - Ancient Dragon Senessax] Bullet   
205370970,[DLC - Ancient Dragon Senessax] Bullet
205370971,[DLC - Ancient Dragon Senessax] Bullet 
205370972,[DLC - Ancient Dragon Senessax] Bullet  
205370980,
205380130,[DLC - Miranda Blossom] Bullet
205380131,[DLC - Miranda Blossom] Bullet 
205380132,[DLC - Miranda Blossom] Bullet  
205380133,[DLC - Miranda Blossom] Bullet   
205380134,[DLC - Miranda Blossom] Bullet    
205380135,[DLC - Miranda Blossom] Bullet     
205380190,[DLC - Miranda Blossom] Bullet
205380191,[DLC - Miranda Blossom] Bullet 
205380400,[DLC - Miranda Blossom] Bullet
205380401,[DLC - Miranda Blossom] Bullet 
205380410,[DLC - Miranda Blossom] Bullet
205380411,[DLC - Miranda Blossom] Bullet 
205380420,[DLC - Miranda Blossom] Bullet
205380421,[DLC - Miranda Blossom] Bullet 
205380430,[DLC - Miranda Blossom] Bullet
205380431,[DLC - Miranda Blossom] Bullet 
205380500,[DLC - Miranda Blossom] Bullet
205380501,[DLC - Miranda Blossom] Bullet 
205380510,[DLC - Miranda Blossom] Bullet
205380511,[DLC - Miranda Blossom] Bullet 
205380520,[DLC - Miranda Blossom] Bullet
205380521,[DLC - Miranda Blossom] Bullet 
205380530,[DLC - Miranda Blossom] Bullet
205380531,[DLC - Miranda Blossom] Bullet 
205381400,[DLC - Miranda Sprout] Bullet
205381401,[DLC - Miranda Sprout] Bullet 
205381410,[DLC - Miranda Sprout] Bullet
205381411,[DLC - Miranda Sprout] Bullet 
205381420,[DLC - Miranda Sprout] Bullet
205381421,[DLC - Miranda Sprout] Bullet 
205381430,[DLC - Miranda Sprout] Bullet
205381431,[DLC - Miranda Sprout] Bullet 
205381500,[DLC - Miranda Sprout] Bullet
205381501,[DLC - Miranda Sprout] Bullet 
205381510,[DLC - Miranda Sprout] Bullet
205381511,[DLC - Miranda Sprout] Bullet 
205381520,[DLC - Miranda Sprout] Bullet
205381521,[DLC - Miranda Sprout] Bullet 
205381530,[DLC - Miranda Sprout] Bullet
205381531,[DLC - Miranda Sprout] Bullet 
205381600,[DLC - Miranda Sprout] Bullet
205381610,[DLC - Miranda Sprout] Bullet
205381620,[DLC - Miranda Sprout] Bullet
205381630,[DLC - Miranda Sprout] Bullet
205381700,[DLC - Miranda Sprout] Bullet
205381705,[DLC - Miranda Sprout] Bullet
205381900,[DLC - Miranda Sprout] Bullet
205381901,[DLC - Miranda Sprout] Bullet 
205381910,[DLC - Miranda Sprout] Bullet
205381911,[DLC - Miranda Sprout] Bullet 
205381920,[DLC - Miranda Sprout] Bullet
205381921,[DLC - Miranda Sprout] Bullet 
205381930,[DLC - Miranda Sprout] Bullet
205381931,[DLC - Miranda Sprout] Bullet 
205390101,[DLC - Troll] Bullet
205390103,[DLC - Troll] Bullet
205390121,[DLC - Troll] Bullet
205390131,[DLC - Troll] Bullet
205390141,[DLC - Troll] Bullet
205390171,[DLC - Troll] Bullet
205390181,[DLC - Troll] Bullet
205390202,[DLC - Troll] Bullet
205390211,[DLC - Troll] Bullet
205390222,[DLC - Troll] Bullet
205390251,[DLC - Troll] Bullet
205390261,[DLC - Troll] Bullet
205390272,[DLC - Troll] Bullet
205390311,[DLC - Troll] Bullet
205390321,[DLC - Troll] Bullet
205390331,[DLC - Troll] Bullet
205390342,[DLC - Troll] Bullet
205390344,[DLC - Troll] Bullet
205390347,[DLC - Troll] Bullet
205390351,[DLC - Troll] Bullet
205390362,[DLC - Troll] Bullet
205390371,[DLC - Troll] Bullet
205390381,[DLC - Troll] Bullet
205390402,[DLC - Troll] Bullet
205390411,[DLC - Troll] Bullet
205390422,[DLC - Troll] Bullet
205390432,[DLC - Troll] Bullet
205390448,[DLC - Troll] Bullet
205390449,[DLC - Troll] Bullet
205390450,[DLC - Troll] Bullet
205390451,[DLC - Troll] Bullet
205390452,[DLC - Troll] Bullet
205390453,[DLC - Troll] Bullet
205390463,[DLC - Troll] Bullet
205390464,[DLC - Troll] Bullet
205390465,[DLC - Troll] Bullet
205390466,[DLC - Troll] Bullet
205390471,[DLC - Troll] Bullet
205390511,[DLC - Troll] Bullet
205390531,[DLC - Troll] Bullet
205390533,[DLC - Troll] Bullet
205390551,[DLC - Troll] Bullet
205390561,[DLC - Troll] Bullet
205390571,[DLC - Troll] Bullet
205390591,[DLC - Troll] Bullet
205390601,[DLC - Troll] Bullet
205390611,[DLC - Troll] Bullet
205390621,[DLC - Troll] Bullet
205390700,[DLC - Troll] Bullet
205390701,[DLC - Troll] Bullet
205390702,[DLC - Troll] Bullet
205390703,[DLC - Troll] Bullet
205390704,[DLC - Troll] Bullet
205390710,[DLC - Troll] Bullet
205390711,[DLC - Troll] Bullet
205390712,[DLC - Troll] Bullet
205390720,[DLC - Troll] Bullet
205390721,[DLC - Troll] Bullet
205390722,[DLC - Troll] Bullet
205390730,[DLC - Troll] Bullet
205390731,[DLC - Troll] Bullet
205390732,[DLC - Troll] Bullet
205390740,[DLC - Troll] Bullet
205390750,[DLC - Troll] Bullet
205390760,[DLC - Troll] Bullet
205390761,[DLC - Troll] Bullet
205390770,[DLC - Troll] Bullet
205390771,[DLC - Troll] Bullet
205390930,[DLC - Troll] Bullet
205390940,[DLC - Troll] Bullet
205390950,[DLC - Troll] Bullet
205390951,[DLC - Troll] Bullet
205390952,[DLC - Troll] Bullet
205390960,[DLC - Troll] Bullet
205390961,[DLC - Troll] Bullet
205390962,[DLC - Troll] Bullet
205390970,[DLC - Troll] Bullet
205390971,[DLC - Troll] Bullet
205390980,[DLC - Troll] Bullet
205390981,[DLC - Troll] Bullet
205390982,[DLC - Troll] Bullet
205420900,
205430100,[DLC - Owl] Bullet
205450600,[DLC - Ram] Bullet
205500120,[DLC - Living Magma] Bullet
205500130,[DLC - Living Magma] Bullet
205500131,
205500132,
205500133,
205500134,
205500135,
205500160,[DLC - Living Magma] Bullet
205500170,[DLC - Living Magma] Bullet
205501120,
205501130,
205501131,
205501132,
205501133,
205501134,
205501135,
205501160,
205501170,
205511900,[DLC - Shade] Bullet
205511901,[DLC - Shade] Bullet 
205511905,[DLC - Shade] Bullet
205511906,[DLC - Shade] Bullet 
205511910,[DLC - Shade] Bullet
205511920,[DLC - Shade] Bullet
205511921,[DLC - Shade] Bullet 
205511925,[DLC - Shade] Bullet
205511926,[DLC - Shade] Bullet
205511927,[DLC - Shade] Bullet
205512900,[DLC - Shade] Bullet
205512901,[DLC - Shade] Bullet 
205512905,[DLC - Shade] Bullet
205512906,[DLC - Shade] Bullet 
205512910,[DLC - Shade] Bullet
205512920,[DLC - Shade] Bullet
205512921,[DLC - Shade] Bullet 
205512925,[DLC - Shade] Bullet
205512926,[DLC - Shade] Bullet
205512927,[DLC - Shade] Bullet
205513180,[DLC - Cemetery Shade] Bullet
205513181,[DLC - Cemetery Shade] Bullet
205530260,[DLC - Man-Bat] Bullet
205530320,[DLC - Man-Bat] Bullet
205540090,[DLC - Wolf] Bullet
205540700,[DLC - Wolf] Bullet
205540710,[DLC - Wolf] Bullet
205540720,[DLC - Wolf] Bullet
205540730,[DLC - Wolf] Bullet
205540800,[DLC - Wolf] Bullet
205550400,[DLC - Fingercreeper] Bullet
205550401,[DLC - Fingercreeper] Bullet 
205550402,[DLC - Fingercreeper] Bullet  
205551400,[DLC - Fingercreeper (Large)] Bullet
205551401,
205551402,
205560130,[DLC - Fingercreeper (Small)] Bullet
205560500,[DLC - Fingercreeper (Small)] Bullet
205570070,[DLC - Marionette Soldier] Bullet
205570071,[DLC - Marionette Soldier] Bullet 
205570075,[DLC - Marionette Soldier] Bullet
205570076,[DLC - Marionette Soldier] Bullet 
205570080,[DLC - Marionette Soldier] Bullet
205570081,[DLC - Marionette Soldier] Bullet 
205570085,[DLC - Marionette Soldier] Bullet
205570086,[DLC - Marionette Soldier] Bullet 
205570100,[DLC - Marionette Soldier] Bullet
205570101,[DLC - Marionette Soldier] Bullet
205570110,[DLC - Marionette Soldier] Bullet
205570111,[DLC - Marionette Soldier] Bullet
205570120,[DLC - Marionette Soldier] Bullet
205570121,[DLC - Marionette Soldier] Bullet
205570130,[DLC - Marionette Soldier] Bullet
205570131,[DLC - Marionette Soldier] Bullet
205570310,[DLC - Marionette Soldier] Bullet
205570311,[DLC - Marionette Soldier] Bullet 
205570312,[DLC - Marionette Soldier] Bullet  
205570320,[DLC - Marionette Soldier] Bullet
205570321,[DLC - Marionette Soldier] Bullet 
205570322,[DLC - Marionette Soldier] Bullet  
205580100,[DLC - Jagged Peak Drake] Bullet
205580101,[DLC - Jagged Peak Drake] Bullet
205580110,[DLC - Jagged Peak Drake] Bullet
205580121,
205580151,[DLC - Jagged Peak Drake] Bullet
205580161,[DLC - Jagged Peak Drake] Bullet
205580201,[DLC - Jagged Peak Drake] Bullet
205580211,[DLC - Jagged Peak Drake] Bullet
205580223,[DLC - Jagged Peak Drake] Bullet
205580224,[DLC - Jagged Peak Drake] Bullet
205580230,[DLC - Jagged Peak Drake] Bullet
205580231,[DLC - Jagged Peak Drake] Bullet
205580232,[DLC - Jagged Peak Drake] Bullet
205580240,[DLC - Jagged Peak Drake] Bullet
205580241,[DLC - Jagged Peak Drake] Bullet
205580242,[DLC - Jagged Peak Drake] Bullet
205580271,[DLC - Jagged Peak Drake] Bullet
205580281,[DLC - Jagged Peak Drake] Bullet
205580290,[DLC - Jagged Peak Drake] Bullet
205580291,[DLC - Jagged Peak Drake] Bullet
205580292,[DLC - Jagged Peak Drake] Bullet
205580300,[DLC - Jagged Peak Drake] Bullet
205580301,[DLC - Jagged Peak Drake] Bullet
205580302,[DLC - Jagged Peak Drake] Bullet
205580311,[DLC - Jagged Peak Drake] Bullet
205580320,[DLC - Jagged Peak Drake] Bullet
205580321,[DLC - Jagged Peak Drake] Bullet
205580330,[DLC - Jagged Peak Drake] Bullet
205580331,[DLC - Jagged Peak Drake] Bullet
205580332,[DLC - Jagged Peak Drake] Bullet
205580340,[DLC - Jagged Peak Drake] Bullet
205580341,[DLC - Jagged Peak Drake] Bullet
205580342,[DLC - Jagged Peak Drake] Bullet
205580380,[DLC - Jagged Peak Drake] Bullet
205580381,[DLC - Jagged Peak Drake] Bullet 
205580382,[DLC - Jagged Peak Drake] Bullet  
205580383,[DLC - Jagged Peak Drake] Bullet   
205580384,[DLC - Jagged Peak Drake] Bullet    
205580385,[DLC - Jagged Peak Drake] Bullet     
205580386,[DLC - Jagged Peak Drake] Bullet
205580387,
205580388,[DLC - Jagged Peak Drake] Bullet
205580389,[DLC - Jagged Peak Drake] Bullet 
205580911,[DLC - Jagged Peak Drake] Bullet
205600090,[DLC - Catacomb Skeleton] Bullet
205600091,[DLC - Catacomb Skeleton] Bullet 
205600092,[DLC - Catacomb Skeleton] Bullet  
205600093,[DLC - Catacomb Skeleton] Bullet   
205600230,[DLC - Catacomb Skeleton] Bullet
205600700,[DLC - Catacomb Skeleton] Bullet
205600701,[DLC - Catacomb Skeleton] Bullet
205600702,[DLC - Catacomb Skeleton] Bullet 
205620105,[DLC - Tibia Mariner] Bullet
205620115,[DLC - Tibia Mariner] Bullet
205620125,[DLC - Tibia Mariner] Bullet
205620135,[DLC - Tibia Mariner] Bullet
205620180,[DLC - Tibia Mariner] Bullet
205620181,[DLC - Tibia Mariner] Bullet
205620210,[DLC - Tibia Mariner] Bullet
205620220,[DLC - Tibia Mariner] Bullet
205620221,[DLC - Tibia Mariner] Bullet 
205620225,[DLC - Tibia Mariner] Bullet
205630200,[DLC - Giant Crayfish] Bullet
205630210,[DLC - Giant Crayfish] Bullet
205630220,[DLC - Giant Crayfish] Bullet
205630230,[DLC - Giant Crayfish] Bullet
205630240,[DLC - Giant Crayfish] Bullet
205640110,[DLC - Giant Crab] Bullet
205640111,
205640250,[DLC - Giant Crab] Bullet
205640251,[DLC - Giant Crab] Bullet 
205640260,[DLC - Giant Crab] Bullet
205640261,[DLC - Giant Crab] Bullet 
205650110,[DLC - Messmer Foot Soldier] Bullet
205650111,[DLC - Messmer Foot Soldier] Bullet 
205650120,[DLC - Messmer Foot Soldier] Bullet
205650121,[DLC - Messmer Foot Soldier] Bullet 
205650130,[DLC - Messmer Foot Soldier] Bullet
205650131,[DLC - Messmer Foot Soldier] Bullet 
205650132,
205650133,
205650134,
205650135,
205650136,
205650137,
205650140,[DLC - Messmer Foot Soldier] Bullet
205650141,[DLC - Messmer Foot Soldier] Bullet 
205650150,[DLC - Messmer Foot Soldier] Bullet
205650260,[DLC - Messmer Foot Soldier] Bullet
205650270,[DLC - Messmer Foot Soldier] Bullet
205650271,[DLC - Messmer Foot Soldier] Bullet 
205650280,[DLC - Messmer Foot Soldier] Bullet
205650281,[DLC - Messmer Foot Soldier] Bullet 
205650290,[DLC - Messmer Foot Soldier] Bullet
205650291,[DLC - Messmer Foot Soldier] Bullet 
205650292,[DLC - Messmer Foot Soldier] Bullet  
205650370,[DLC - Messmer Foot Soldier] Bullet
205650371,[DLC - Messmer Foot Soldier] Bullet 
205650372,[DLC - Messmer Foot Soldier] Bullet  
205650373,[DLC - Messmer Foot Soldier] Bullet   
205650704,[DLC - Messmer Foot Soldier] Bullet
205650705,[DLC - Messmer Foot Soldier] Bullet 
205650900,[DLC - Messmer Foot Soldier] Bullet
205661600,[DLC - Shadow Militia] Bullet
205661601,[DLC - Shadow Militia] Bullet 
205661602,[DLC - Shadow Militia] Bullet  
205661603,[DLC - Shadow Militia] Bullet   
205661604,[DLC - Shadow Militia] Bullet    
205661700,[DLC - Shadow Militia] Bullet
205661701,[DLC - Shadow Militia] Bullet 
205661710,[DLC - Shadow Militia] Bullet
205661711,[DLC - Shadow Militia] Bullet 
205661720,[DLC - Shadow Militia] Bullet
205661730,[DLC - Shadow Militia] Bullet
205661750,[DLC - Shadow Militia] Bullet
205661751,[DLC - Shadow Militia] Bullet 
205661752,[DLC - Shadow Militia] Bullet  
205661753,[DLC - Shadow Militia] Bullet   
205661754,[DLC - Shadow Militia] Bullet    
205661755,[DLC - Shadow Militia] Bullet     
205661756,[DLC - Shadow Militia] Bullet      
205661850,
205661851,
205661852,
205661853,
205661854,
205661855,
205661856,
205661900,[DLC - Shadow Militia] Bullet
205661901,[DLC - Shadow Militia] Bullet 
205670000,
205670001,
205670010,
205670011,
205670012,
205680100,[DLC - Wheeled Ballista] Bullet
205680101,[DLC - Wheeled Ballista] Bullet 
205680102,[DLC - Wheeled Ballista] Bullet  
205680110,[DLC - Wheeled Ballista] Bullet
205680120,[DLC - Wheeled Ballista] Bullet
205690000,[DLC - Dragon-faced Flamethrower] Bullet
205690001,[DLC - Dragon-faced Flamethrower] Bullet
205690010,[DLC - Dragon-faced Flamethrower] Bullet
205700230,[DLC - Demi-Human] Bullet
205700231,[DLC - Demi-Human] Bullet
205700235,[DLC - Demi-Human] Bullet
205700236,[DLC - Demi-Human] Bullet
205700410,[DLC - Demi-Human] Bullet
205700411,[DLC - Demi-Human] Bullet
205700415,[DLC - Demi-Human] Bullet
205700416,[DLC - Demi-Human] Bullet
205700900,[DLC - Demi-Human] Bullet
205701900,[DLC - Demi-Human (Large)] Bullet
205710900,[DLC - Demi-Human Shaman] Bullet
205720900,[DLC - Demi-Human Chief] Bullet
205730102,[DLC - Demi-Human Queen] Bullet
205730136,[DLC - Demi-Human Queen] Bullet
205730140,[DLC - Demi-Human Queen] Bullet
205730151,[DLC - Demi-Human Queen] Bullet
205730182,[DLC - Demi-Human Queen] Bullet
205730183,[DLC - Demi-Human Queen] Bullet
205730300,[DLC - Demi-Human Queen] Bullet
205730301,[DLC - Demi-Human Queen] Bullet
205730302,[DLC - Demi-Human Queen] Bullet
205730303,[DLC - Demi-Human Queen] Bullet
205730304,[DLC - Demi-Human Queen] Bullet
205730910,[DLC - Demi-Human Queen] Bullet
205740190,[DLC - Kindred of Rot] Bullet
205740191,[DLC - Kindred of Rot] Bullet
205740300,[DLC - Kindred of Rot] Bullet
205740301,[DLC - Kindred of Rot] Bullet
205740310,[DLC - Kindred of Rot] Bullet
205740311,[DLC - Kindred of Rot] Bullet
205740312,[DLC - Kindred of Rot] Bullet
205740320,[DLC - Kindred of Rot] Bullet
205740330,[DLC - Kindred of Rot] Bullet
205740331,[DLC - Kindred of Rot] Bullet
205740332,[DLC - Kindred of Rot] Bullet
205740333,[DLC - Kindred of Rot] Bullet
205740334,[DLC - Kindred of Rot] Bullet
205740335,[DLC - Kindred of Rot] Bullet
205740400,[DLC - Kindred of Rot] Bullet
205740410,[DLC - Kindred of Rot] Bullet
205740420,[DLC - Kindred of Rot] Bullet
205740430,[DLC - Kindred of Rot] Bullet
205740450,[DLC - Kindred of Rot] Bullet
205740451,[DLC - Kindred of Rot] Bullet
205750171,
205750181,
205750182,
205750183,
205751300,
205770800,
205770810,
205770820,
205770830,
205770900,
205770901,
205780260,[DLC - Runebear] Bullet
205780261,
205780500,[DLC - Runebear] Bullet
205780510,[DLC - Runebear] Bullet
205780520,[DLC - Runebear] Bullet
205780530,[DLC - Runebear] Bullet
205780540,[DLC - Runebear] Bullet
205780550,[DLC - Runebear] Bullet
205780560,[DLC - Runebear] Bullet
205790121,[DLC - Guardian Golem] Bullet
205790126,[DLC - Guardian Golem] Bullet
205790310,[DLC - Guardian Golem] Bullet
205790311,[DLC - Guardian Golem] Bullet
205790320,[DLC - Guardian Golem] Bullet
205790321,[DLC - Guardian Golem] Bullet
205790330,[DLC - Guardian Golem] Bullet
205790331,[DLC - Guardian Golem] Bullet 
205790500,[DLC - Guardian Golem] Bullet
205790502,
205790503,[DLC - Guardian Golem] Bullet 
205790504,[DLC - Guardian Golem] Bullet
205790505,[DLC - Guardian Golem] Bullet
205790506,
205790507,[DLC - Guardian Golem] Bullet 
205790508,[DLC - Guardian Golem] Bullet 
205790510,[DLC - Guardian Golem] Bullet
205790514,[DLC - Guardian Golem] Bullet
205790515,[DLC - Guardian Golem] Bullet
205790610,[DLC - Guardian Golem] Bullet
205790611,[DLC - Guardian Golem] Bullet 
205790612,[DLC - Guardian Golem] Bullet  
205790613,[DLC - Guardian Golem] Bullet   
205790614,
205790620,[DLC - Guardian Golem] Bullet
205790621,[DLC - Guardian Golem] Bullet 
205790622,[DLC - Guardian Golem] Bullet  
205790623,[DLC - Guardian Golem] Bullet   
205790624,
205790630,[DLC - Guardian Golem] Bullet
205790631,[DLC - Guardian Golem] Bullet 
205790632,[DLC - Guardian Golem] Bullet  
205790633,[DLC - Guardian Golem] Bullet   
205790634,
205790740,[DLC - Guardian Golem] Bullet
205790741,[DLC - Guardian Golem] Bullet
205790750,[DLC - Guardian Golem] Bullet
205790751,[DLC - Guardian Golem] Bullet
205790752,[DLC - Guardian Golem] Bullet
205790755,[DLC - Guardian Golem] Bullet
205790756,[DLC - Guardian Golem] Bullet
205790757,[DLC - Guardian Golem] Bullet
205790900,
205800300,[DLC - Crucible Knight Devonia] Bullet
205800301,[DLC - Crucible Knight Devonia] Bullet 
205800302,[DLC - Crucible Knight Devonia] Bullet  
205800310,[DLC - Crucible Knight Devonia] Bullet
205800311,[DLC - Crucible Knight Devonia] Bullet 
205800312,[DLC - Crucible Knight Devonia] Bullet  
205800320,[DLC - Crucible Knight Devonia] Bullet
205800321,[DLC - Crucible Knight Devonia] Bullet 
205800322,[DLC - Crucible Knight Devonia] Bullet  
205800323,[DLC - Crucible Knight Devonia] Bullet   
205800324,[DLC - Crucible Knight Devonia] Bullet 
205800325,[DLC - Crucible Knight Devonia] Bullet  
205800326,[DLC - Crucible Knight Devonia] Bullet   
205800327,[DLC - Crucible Knight Devonia] Bullet    
205800328,[DLC - Crucible Knight Devonia] Bullet  
205800329,
205800330,
205800331,
205800332,[DLC - Crucible Knight Devonia] Bullet   
205800333,[DLC - Crucible Knight Devonia] Bullet    
205800335,[DLC - Crucible Knight Devonia] Bullet
205800336,[DLC - Crucible Knight Devonia] Bullet
205800337,[DLC - Crucible Knight Devonia] Bullet
205800500,[DLC - Crucible Knight Devonia] Bullet
205800504,[DLC - Crucible Knight Devonia] Bullet 
205800505,[DLC - Crucible Knight Devonia] Bullet  
205800506,[DLC - Crucible Knight Devonia] Bullet   
205800507,[DLC - Crucible Knight Devonia] Bullet    
205800508,[DLC - Crucible Knight Devonia] Bullet     
205800509,[DLC - Crucible Knight Devonia] Bullet      
205800650,[DLC - Crucible Knight Devonia] Bullet
205800651,[DLC - Crucible Knight Devonia] Bullet 
205800652,
205800653,[DLC - Crucible Knight Devonia] Bullet  
205800660,[DLC - Crucible Knight Devonia] Bullet
205800661,[DLC - Crucible Knight Devonia] Bullet 
205800662,
205800663,
205800670,[DLC - Crucible Knight Devonia] Bullet
205800671,[DLC - Crucible Knight Devonia] Bullet 
205800672,
205800673,[DLC - Crucible Knight Devonia] Bullet  
205800750,[DLC - Crucible Knight Devonia] Bullet
205800751,[DLC - Crucible Knight Devonia] Bullet 
205800752,
205800753,[DLC - Crucible Knight Devonia] Bullet  
205820260,[DLC - Great Red Bear] Bullet
205820261,[DLC - Great Red Bear] Bullet 
205820300,[DLC - Great Red Bear] Bullet
205820301,[DLC - Great Red Bear] Bullet 
205820302,[DLC - Great Red Bear] Bullet  
205820305,[DLC - Great Red Bear] Bullet
205820306,[DLC - Great Red Bear] Bullet 
205820307,[DLC - Great Red Bear] Bullet  
205820323,[DLC - Great Red Bear] Bullet
205820350,[DLC - Great Red Bear] Bullet
205820351,[DLC - Great Red Bear] Bullet 
205820352,[DLC - Great Red Bear] Bullet  
205820360,[DLC - Great Red Bear] Bullet
205820370,[DLC - Great Red Bear] Bullet
205820371,[DLC - Great Red Bear] Bullet 
205820372,[DLC - Great Red Bear] Bullet  
205820380,[DLC - Great Red Bear] Bullet
205820381,[DLC - Great Red Bear] Bullet 
205820382,[DLC - Great Red Bear] Bullet  
205820500,[DLC - Great Red Bear] Bullet
205820510,[DLC - Great Red Bear] Bullet 
205830200,[DLC - Messmer Soldier] Bullet
205830201,[DLC - Messmer Soldier] Bullet
205830202,[DLC - Messmer Soldier] Bullet
205830400,[DLC - Messmer Soldier] Bullet
205830401,
205830410,[DLC - Messmer Soldier] Bullet
205830420,[DLC - Messmer Soldier] Bullet
205830421,[DLC - Messmer Soldier] Bullet
205830430,[DLC - Messmer Soldier] Bullet
205830510,[DLC - Messmer Soldier] Bullet
205830511,[DLC - Messmer Soldier] Bullet 
205830520,[DLC - Messmer Soldier] Bullet
205830521,[DLC - Messmer Soldier] Bullet 
205830530,[DLC - Messmer Soldier] Bullet
205830531,[DLC - Messmer Soldier] Bullet 
205830532,[DLC - Messmer Soldier] Bullet  
205830533,[DLC - Messmer Soldier] Bullet   
205830534,[DLC - Messmer Soldier] Bullet    
205830950,[DLC - Messmer Soldier] Bullet
205830951,[DLC - Messmer Soldier] Bullet
205840121,[DLC - Black Knight] Bullet
205840123,[DLC - Black Knight] Bullet 
205840124,[DLC - Black Knight] Bullet  
205840125,[DLC - Black Knight] Bullet   
205840126,[DLC - Black Knight] Bullet    
205840131,[DLC - Black Knight] Bullet
205840132,[DLC - Black Knight] Bullet 
205840133,[DLC - Black Knight] Bullet  
205840161,[DLC - Black Knight] Bullet
205840300,[DLC - Black Knight] Bullet
205840310,[DLC - Black Knight] Bullet
205840441,[DLC - Black Knight] Bullet
205840442,[DLC - Black Knight] Bullet 
205840443,[DLC - Black Knight] Bullet  
205840600,[DLC - Black Knight] Bullet
205840610,[DLC - Black Knight] Bullet
205850120,[DLC - Giant Ram] Bullet
205850121,[DLC - Giant Ram] Bullet 
205860100,[DLC - Ghostflame Dragon] Bullet
205860101,[DLC - Ghostflame Dragon] Bullet
205860110,[DLC - Ghostflame Dragon] Bullet
205860151,[DLC - Ghostflame Dragon] Bullet
205860161,[DLC - Ghostflame Dragon] Bullet
205860201,[DLC - Ghostflame Dragon] Bullet
205860211,[DLC - Ghostflame Dragon] Bullet
205860223,[DLC - Ghostflame Dragon] Bullet
205860224,[DLC - Ghostflame Dragon] Bullet
205860230,[DLC - Ghostflame Dragon] Bullet
205860231,[DLC - Ghostflame Dragon] Bullet
205860232,[DLC - Ghostflame Dragon] Bullet
205860240,[DLC - Ghostflame Dragon] Bullet
205860241,[DLC - Ghostflame Dragon] Bullet
205860242,[DLC - Ghostflame Dragon] Bullet
205860271,[DLC - Ghostflame Dragon] Bullet
205860281,[DLC - Ghostflame Dragon] Bullet
205860290,[DLC - Ghostflame Dragon] Bullet
205860291,[DLC - Ghostflame Dragon] Bullet
205860292,[DLC - Ghostflame Dragon] Bullet
205860300,[DLC - Ghostflame Dragon] Bullet
205860301,[DLC - Ghostflame Dragon] Bullet
205860302,[DLC - Ghostflame Dragon] Bullet
205860311,[DLC - Ghostflame Dragon] Bullet
205860320,[DLC - Ghostflame Dragon] Bullet
205860321,[DLC - Ghostflame Dragon] Bullet
205860330,[DLC - Ghostflame Dragon] Bullet
205860331,[DLC - Ghostflame Dragon] Bullet
205860332,[DLC - Ghostflame Dragon] Bullet
205860340,[DLC - Ghostflame Dragon] Bullet
205860341,[DLC - Ghostflame Dragon] Bullet
205860342,[DLC - Ghostflame Dragon] Bullet
205860350,[DLC - Ghostflame Dragon] Bullet
205860800,[DLC - Ghostflame Dragon] Bullet
205860801,[DLC - Ghostflame Dragon] Bullet
205860802,[DLC - Ghostflame Dragon] Bullet 
205860803,[DLC - Ghostflame Dragon] Bullet  
205860804,[DLC - Ghostflame Dragon] Bullet
205860810,[DLC - Ghostflame Dragon] Bullet
205860811,[DLC - Ghostflame Dragon] Bullet 
205860820,[DLC - Ghostflame Dragon] Bullet
205860821,[DLC - Ghostflame Dragon] Bullet
205860822,[DLC - Ghostflame Dragon] Bullet
205860823,[DLC - Ghostflame Dragon] Bullet 
205860911,[DLC - Ghostflame Dragon] Bullet
205870070,[DLC - Imp (Lion Head)] Bullet
205870080,[DLC - Imp (Lion Head)] Bullet
205870100,[DLC - Imp (Lion Head)] Bullet
205870101,
205870120,[DLC - Imp (Lion Head)] Bullet
205870121,
205870130,[DLC - Imp (Lion Head)] Bullet
205870131,
205870132,
205870133,
205870134,
205870135,
205870136,
205870400,[DLC - Imp (Lion Head)] Bullet
205870410,[DLC - Imp (Lion Head)] Bullet
205870430,[DLC - Imp (Lion Head)] Bullet
205870431,[DLC - Imp (Lion Head)] Bullet 
205870432,
205870433,
205870434,
205870470,[DLC - Imp (Lion Head)] Bullet
205871430,[DLC - Imp (Dragon Head)] Bullet
205871431,[DLC - Imp (Dragon Head)] Bullet 
205871432,
205871433,[DLC - Imp (Dragon Head)] Bullet  
205871434,
205871435,[DLC - Imp (Dragon Head)] Bullet  
205871436,[DLC - Imp (Dragon Head)] Bullet   
205871437,[DLC - Imp (Dragon Head)] Bullet    
205872430,[DLC - Imp (Dragon Head)] Bullet
205872431,[DLC - Imp (Dragon Head)] Bullet 
205872432,
205872433,[DLC - Imp (Dragon Head)] Bullet  
205872434,
205872435,[DLC - Imp (Dragon Head)] Bullet  
205872436,[DLC - Imp (Dragon Head)] Bullet   
205872437,[DLC - Imp (Dragon Head)] Bullet    
205880140,[DLC - Catacombs Sorcerer] Bullet
205880141,[DLC - Catacombs Sorcerer] Bullet 
205880142,[DLC - Catacombs Sorcerer] Bullet  
205880143,[DLC - Catacombs Sorcerer] Bullet   
205880144,[DLC - Catacombs Sorcerer] Bullet    
205880145,[DLC - Catacombs Sorcerer] Bullet     
205880146,[DLC - Catacombs Sorcerer] Bullet      
205880160,[DLC - Catacombs Sorcerer] Bullet
205880161,[DLC - Catacombs Sorcerer] Bullet 
205880162,[DLC - Catacombs Sorcerer] Bullet  
205880163,[DLC - Catacombs Sorcerer] Bullet   
205880164,[DLC - Catacombs Sorcerer] Bullet    
205880165,[DLC - Catacombs Sorcerer] Bullet     
205880166,[DLC - Catacombs Sorcerer] Bullet      
205880167,[DLC - Catacombs Sorcerer] Bullet       
205880180,[DLC - Catacombs Sorcerer] Bullet
205880181,[DLC - Catacombs Sorcerer] Bullet 
205880182,[DLC - Catacombs Sorcerer] Bullet  
205880183,[DLC - Catacombs Sorcerer] Bullet   
205880184,[DLC - Catacombs Sorcerer] Bullet    
205880185,[DLC - Catacombs Sorcerer] Bullet     
205880186,[DLC - Catacombs Sorcerer] Bullet      
205880187,[DLC - Catacombs Sorcerer] Bullet       
205880188,[DLC - Catacombs Sorcerer] Bullet        
205900120,[DLC - Man-Fly] Bullet
205900121,[DLC - Man-Fly] Bullet 
205900122,[DLC - Man-Fly] Bullet  
205910100,[DLC - Hornsent Grandam] Bullet
205910101,[DLC - Hornsent Grandam] Bullet 
205910102,
205920130,[DLC - Magma Wyrm] Bullet
205920140,[DLC - Magma Wyrm] Bullet
205920150,[DLC - Magma Wyrm] Bullet
205920151,[DLC - Magma Wyrm] Bullet
205920210,[DLC - Magma Wyrm] Bullet
205920211,[DLC - Magma Wyrm] Bullet
205920270,[DLC - Magma Wyrm] Bullet
205920271,[DLC - Magma Wyrm] Bullet
205920290,[DLC - Magma Wyrm] Bullet
205920310,[DLC - Magma Wyrm] Bullet
205920311,[DLC - Magma Wyrm] Bullet
205920320,[DLC - Magma Wyrm] Bullet
205920500,[DLC - Magma Wyrm] Bullet 
205920501,
205920502,
205920510,[DLC - Magma Wyrm] Bullet
205920511,
205920512,[DLC - Magma Wyrm] Bullet 
205920520,[DLC - Magma Wyrm] Bullet
205920521,[DLC - Magma Wyrm] Bullet 
205920530,[DLC - Magma Wyrm] Bullet
205920630,[DLC - Magma Wyrm] Bullet
205920640,[DLC - Magma Wyrm] Bullet
205920650,[DLC - Magma Wyrm] Bullet
205920651,[DLC - Magma Wyrm] Bullet
205920710,[DLC - Magma Wyrm] Bullet
205920711,[DLC - Magma Wyrm] Bullet
205920770,[DLC - Magma Wyrm] Bullet
205920790,[DLC - Magma Wyrm] Bullet
205920810,[DLC - Magma Wyrm] Bullet
205920811,[DLC - Magma Wyrm] Bullet
205920820,[DLC - Magma Wyrm] Bullet
205920900,[DLC - Magma Wyrm] Bullet 
205920901,
205920902,
205931500,[DLC - Giant Beast Skeleton] Bullet
205940200,[DLC - Watcher Stones] Bullet
205940210,[DLC - Watcher Stones] Bullet
205940300,[DLC - Watcher Stones] Bullet
205950150,[DLC - Leonine Misbegotten] Bullet
205950151,[DLC - Leonine Misbegotten] Bullet
205950201,[DLC - Leonine Misbegotten] Bullet
205950230,[DLC - Leonine Misbegotten] Bullet
205950241,[DLC - Leonine Misbegotten] Bullet
205950242,[DLC - Leonine Misbegotten] Bullet
205950250,[DLC - Leonine Misbegotten] Bullet
205950251,[DLC - Leonine Misbegotten] Bullet 
205950252,[DLC - Leonine Misbegotten] Bullet  
205960140,[DLC - Ulcerated Tree Spirit] Bullet
205960141,[DLC - Ulcerated Tree Spirit] Bullet 
205960145,[DLC - Ulcerated Tree Spirit] Bullet
205960146,[DLC - Ulcerated Tree Spirit] Bullet 
205960150,[DLC - Ulcerated Tree Spirit] Bullet
205960151,[DLC - Ulcerated Tree Spirit] Bullet 
205960155,[DLC - Ulcerated Tree Spirit] Bullet
205960156,[DLC - Ulcerated Tree Spirit] Bullet 
205960280,[DLC - Ulcerated Tree Spirit] Bullet
205960281,[DLC - Ulcerated Tree Spirit] Bullet 
205960282,[DLC - Ulcerated Tree Spirit] Bullet  
205960283,[DLC - Ulcerated Tree Spirit] Bullet   
205960284,[DLC - Ulcerated Tree Spirit] Bullet    
205960285,[DLC - Ulcerated Tree Spirit] Bullet
205960315,[DLC - Ulcerated Tree Spirit] Bullet
205960316,[DLC - Ulcerated Tree Spirit] Bullet 
205960480,[DLC - Ulcerated Tree Spirit] Bullet
205960481,
205960482,
205960483,
205960484,
205960485,[DLC - Ulcerated Tree Spirit] Bullet
205960495,[DLC - Ulcerated Tree Spirit] Bullet
205960496,[DLC - Ulcerated Tree Spirit] Bullet 
205980500,[DLC - Omenkiller] Bullet
205980501,
205980510,[DLC - Omenkiller] Bullet
205980511,[DLC - Omenkiller] Bullet 
205980512,[DLC - Omenkiller] Bullet  
205980513,[DLC - Omenkiller] Bullet   
205980520,[DLC - Omenkiller] Bullet
205980521,[DLC - Omenkiller] Bullet 
205980522,[DLC - Omenkiller] Bullet  
205980523,[DLC - Omenkiller] Bullet   
205980530,[DLC - Omenkiller] Bullet
205980531,[DLC - Omenkiller] Bullet 
205980532,[DLC - Omenkiller] Bullet  
205980533,[DLC - Omenkiller] Bullet   
205990100,[DLC - Basilisk] Bullet
205990101,[DLC - Basilisk] Bullet
205990102,[DLC - Basilisk] Bullet
205990110,[DLC - Basilisk] Bullet
205990111,[DLC - Basilisk] Bullet
206200110,[DLC - Scarab] Bullet
206200200,[DLC - Scarab] Bullet
206200300,[DLC - Scarab] Bullet
206200400,[DLC - Scarab] Bullet
206200401,[DLC - Scarab] Bullet
206200410,[DLC - Scarab] Bullet
206200411,[DLC - Scarab] Bullet
206200420,[DLC - Scarab] Bullet
206200421,[DLC - Scarab] Bullet
206201200,[DLC - Scarab] Bullet
206201300,[DLC - Scarab] Bullet
206201400,[DLC - Scarab] Bullet
206201401,[DLC - Scarab] Bullet
206201410,[DLC - Scarab] Bullet
206201411,[DLC - Scarab] Bullet
206201420,[DLC - Scarab] Bullet
206201421,[DLC - Scarab] Bullet
206202110,[DLC - Scarab] Bullet
206202200,[DLC - Scarab] Bullet
206202300,[DLC - Scarab] Bullet
206202400,[DLC - Scarab] Bullet
206202401,[DLC - Scarab] Bullet
206202410,[DLC - Scarab] Bullet
206202411,[DLC - Scarab] Bullet
206202420,[DLC - Scarab] Bullet
206202421,[DLC - Scarab] Bullet
206210000,[DLC - Albinauric Archer] Bullet
206210010,[DLC - Albinauric Archer] Bullet
206210011,[DLC - Albinauric Archer] Bullet
206210020,[DLC - Albinauric Archer] Bullet
206210030,[DLC - Albinauric Archer] Bullet
206210031,[DLC - Albinauric Archer] Bullet
206210200,[DLC - Albinauric Archer] Bullet
206210210,[DLC - Albinauric Archer] Bullet
206210211,[DLC - Albinauric Archer] Bullet
206210220,[DLC - Albinauric Archer] Bullet
206210230,[DLC - Albinauric Archer] Bullet
206210231,[DLC - Albinauric Archer] Bullet
206210240,[DLC - Albinauric Archer] Bullet
206210250,[DLC - Albinauric Archer] Bullet
206210251,[DLC - Albinauric Archer] Bullet
206210260,[DLC - Albinauric Archer] Bullet
206210270,[DLC - Albinauric Archer] Bullet
206210271,[DLC - Albinauric Archer] Bullet
206210280,[DLC - Albinauric Archer] Bullet
206210290,[DLC - Albinauric Archer] Bullet
206210291,[DLC - Albinauric Archer] Bullet
206210360,[DLC - Albinauric Archer] Bullet
206210370,[DLC - Albinauric Archer] Bullet
206210371,[DLC - Albinauric Archer] Bullet
206210380,[DLC - Albinauric Archer] Bullet
206210390,[DLC - Albinauric Archer] Bullet
206210391,[DLC - Albinauric Archer] Bullet
206210500,[DLC - Albinauric Archer] Bullet
206210501,[DLC - Albinauric Archer] Bullet
206210502,[DLC - Albinauric Archer] Bullet
206210503,[DLC - Albinauric Archer] Bullet
206210504,[DLC - Albinauric Archer] Bullet 
206210550,[DLC - Albinauric Archer] Bullet 
206210551,[DLC - Albinauric Archer] Bullet  
206210560,[DLC - Albinauric Archer] Bullet 
206210561,[DLC - Albinauric Archer] Bullet  
206220050,[DLC - Wolf] Bullet
206220051,[DLC - Wolf] Bullet 
206220055,[DLC - Wolf] Bullet
206220056,[DLC - Wolf] Bullet 
206220057,[DLC - Wolf] Bullet  
206220800,[DLC - Wolf] Bullet
206221500,[DLC - Wolf] Bullet
206221501,[DLC - Wolf] Bullet
206221502,[DLC - Wolf] Bullet 
206221510,[DLC - Wolf] Bullet
206221520,[DLC - Wolf] Bullet
206221800,[DLC - Wolf] Bullet
206230110,[DLC - Perfumer] Bullet
206230120,[DLC - Perfumer] Bullet
206230121,[DLC - Perfumer] Bullet
206230122,[DLC - Perfumer] Bullet
206230123,[DLC - Perfumer] Bullet
206230130,[DLC - Perfumer] Bullet
206230131,[DLC - Perfumer] Bullet
206230132,[DLC - Perfumer] Bullet 
206230170,[DLC - Perfumer] Bullet
206230171,[DLC - Perfumer] Bullet
206230172,[DLC - Perfumer] Bullet
206230190,[DLC - Perfumer] Bullet 
206230191,
206230500,[DLC - Perfumer] Bullet
206230501,[DLC - Perfumer] Bullet
206230502,[DLC - Perfumer] Bullet
206230503,[DLC - Perfumer] Bullet
206230510,[DLC - Perfumer] Bullet
206230511,[DLC - Perfumer] Bullet
206230512,[DLC - Perfumer] Bullet
206230520,[DLC - Perfumer] Bullet
206230530,[DLC - Perfumer] Bullet
206230531,[DLC - Perfumer] Bullet
206230532,[DLC - Perfumer] Bullet
206230540,[DLC - Perfumer] Bullet
206230560,[DLC - Perfumer] Bullet
206230570,[DLC - Perfumer] Bullet
206230571,[DLC - Perfumer] Bullet
206230572,[DLC - Perfumer] Bullet
206230573,
206230580,[DLC - Perfumer] Bullet
206230581,[DLC - Perfumer] Bullet
206230582,[DLC - Perfumer] Bullet
206230583,[DLC - Perfumer] Bullet
206230584,[DLC - Perfumer] Bullet
206230585,[DLC - Perfumer] Bullet
206230586,[DLC - Perfumer] Bullet
206230587,[DLC - Perfumer] Bullet
206230620,[DLC - Perfumer] Bullet
206230621,[DLC - Perfumer] Bullet 
206230630,[DLC - Perfumer] Bullet
206230631,[DLC - Perfumer] Bullet
206230632,[DLC - Perfumer] Bullet
206230633,[DLC - Perfumer] Bullet
206230640,[DLC - Perfumer] Bullet
206230641,[DLC - Perfumer] Bullet
206230642,[DLC - Perfumer] Bullet
206230643,[DLC - Perfumer] Bullet
206230644,[DLC - Perfumer] Bullet
206230645,[DLC - Perfumer] Bullet
206230646,[DLC - Perfumer] Bullet
206230647,[DLC - Perfumer] Bullet
206230648,[DLC - Perfumer] Bullet
206230650,[DLC - Perfumer] Bullet 
206230700,[DLC - Perfumer] Bullet
206230710,[DLC - Perfumer] Bullet
206230720,[DLC - Perfumer] Bullet
206230730,[DLC - Perfumer] Bullet
206230740,[DLC - Perfumer] Bullet
206232100,[DLC - Glintstone Sorcerer] Bullet
206232200,[DLC - Glintstone Sorcerer] Bullet
206232201,[DLC - Glintstone Sorcerer] Bullet 
206232202,[DLC - Glintstone Sorcerer] Bullet  
206232203,[DLC - Glintstone Sorcerer] Bullet 
206232204,[DLC - Glintstone Sorcerer] Bullet  
206232205,[DLC - Glintstone Sorcerer] Bullet   
206232206,[DLC - Glintstone Sorcerer] Bullet  
206232207,[DLC - Glintstone Sorcerer] Bullet   
206232210,[DLC - Glintstone Sorcerer] Bullet
206232211,[DLC - Glintstone Sorcerer] Bullet 
206232212,[DLC - Glintstone Sorcerer] Bullet  
206232213,[DLC - Glintstone Sorcerer] Bullet 
206232214,[DLC - Glintstone Sorcerer] Bullet  
206232215,[DLC - Glintstone Sorcerer] Bullet   
206232216,[DLC - Glintstone Sorcerer] Bullet  
206232217,[DLC - Glintstone Sorcerer] Bullet   
206232301,[DLC - Glintstone Sorcerer] Bullet
206232400,[DLC - Glintstone Sorcerer] Bullet
206232402,[DLC - Glintstone Sorcerer] Bullet
206232404,[DLC - Glintstone Sorcerer] Bullet
206232410,[DLC - Glintstone Sorcerer] Bullet
206232411,[DLC - Glintstone Sorcerer] Bullet
206232412,[DLC - Glintstone Sorcerer] Bullet
206233200,[DLC - Page] Bullet
206233201,[DLC - Page] Bullet
206233202,[DLC - Page] Bullet 
206240010,[DLC - Dummy] Bullet
206240011,[DLC - Dummy] Bullet 
206240012,[DLC - Dummy] Bullet  
206240013,[DLC - Dummy] Bullet   
206240014,[DLC - Dummy] Bullet    
206240015,[DLC - Dummy] Bullet     
206251141,[DLC - Tree Sentinel] Bullet
206251161,[DLC - Tree Sentinel] Bullet
206251241,[DLC - Tree Sentinel] Bullet
206251271,[DLC - Tree Sentinel] Bullet
206251281,[DLC - Tree Sentinel] Bullet
206251320,[DLC - Tree Sentinel] Bullet
206251321,[DLC - Tree Sentinel] Bullet
206251322,[DLC - Tree Sentinel] Bullet
206251323,[DLC - Tree Sentinel] Bullet
206251451,[DLC - Tree Sentinel] Bullet
206251910,[DLC - Tree Sentinel] Bullet
206251911,[DLC - Tree Sentinel] Bullet
206251912,[DLC - Tree Sentinel] Bullet
206251913,[DLC - Tree Sentinel] Bullet
206251915,[DLC - Tree Sentinel] Bullet
206260141,[DLC - Death Rite Bird] Bullet
206260171,[DLC - Death Rite Bird] Bullet
206260181,[DLC - Death Rite Bird] Bullet
206260200,[DLC - Death Rite Bird] Bullet
206260210,[DLC - Death Rite Bird] Bullet
206260221,[DLC - Death Rite Bird] Bullet
206260240,[DLC - Death Rite Bird] Bullet
206260251,[DLC - Death Rite Bird] Bullet
206260261,[DLC - Death Rite Bird] Bullet
206260291,[DLC - Death Rite Bird] Bullet
206260300,[DLC - Death Rite Bird] Bullet
206260322,
206260411,[DLC - Death Rite Bird] Bullet
206260412,[DLC - Death Rite Bird] Bullet 
206260421,[DLC - Death Rite Bird] Bullet
206260430,[DLC - Death Rite Bird] Bullet
206260431,[DLC - Death Rite Bird] Bullet 
206260432,[DLC - Death Rite Bird] Bullet
206260433,[DLC - Death Rite Bird] Bullet 
206260441,[DLC - Death Rite Bird] Bullet
206260471,[DLC - Death Rite Bird] Bullet
206260472,[DLC - Death Rite Bird] Bullet 
206260481,[DLC - Death Rite Bird] Bullet
206260491,[DLC - Death Rite Bird] Bullet
206260500,[DLC - Death Rite Bird] Bullet
206260510,[DLC - Death Rite Bird] Bullet
206260521,[DLC - Death Rite Bird] Bullet
206260540,[DLC - Death Rite Bird] Bullet
206260541,
206260542,[DLC - Death Rite Bird] Bullet
206260543,[DLC - Death Rite Bird] Bullet
206260544,[DLC - Death Rite Bird] Bullet 
206260551,[DLC - Death Rite Bird] Bullet
206260561,[DLC - Death Rite Bird] Bullet
206260571,[DLC - Death Rite Bird] Bullet
206260572,[DLC - Death Rite Bird] Bullet 
206260591,[DLC - Death Rite Bird] Bullet
206260620,[DLC - Death Rite Bird] Bullet
206260621,[DLC - Death Rite Bird] Bullet
206260622,[DLC - Death Rite Bird] Bullet 
206260623,[DLC - Death Rite Bird] Bullet  
206260624,[DLC - Death Rite Bird] Bullet   
206260630,[DLC - Death Rite Bird] Bullet
206260631,[DLC - Death Rite Bird] Bullet 
206260632,[DLC - Death Rite Bird] Bullet  
206260633,[DLC - Death Rite Bird] Bullet   
206260635,[DLC - Death Rite Bird] Bullet
206260641,[DLC - Death Rite Bird] Bullet
206260650,[DLC - Death Rite Bird] Bullet
206260651,[DLC - Death Rite Bird] Bullet 
206260652,[DLC - Death Rite Bird] Bullet  
206260660,[DLC - Death Rite Bird] Bullet
206260700,[DLC - Death Rite Bird] Bullet 
206260701,[DLC - Death Rite Bird] Bullet  
206260710,[DLC - Death Rite Bird] Bullet 
206260800,[DLC - Death Rite Bird] Bullet
206260810,[DLC - Death Rite Bird] Bullet
206260811,[DLC - Death Rite Bird] Bullet 
206260812,[DLC - Death Rite Bird] Bullet  
206260813,[DLC - Death Rite Bird] Bullet   
206260814,[DLC - Death Rite Bird] Bullet 
206260820,[DLC - Death Rite Bird] Bullet
206260821,[DLC - Death Rite Bird] Bullet 
206260822,[DLC - Death Rite Bird] Bullet  
206260823,[DLC - Death Rite Bird] Bullet   
206260824,[DLC - Death Rite Bird] Bullet    
206260830,[DLC - Death Rite Bird] Bullet
206260831,[DLC - Death Rite Bird] Bullet 
206260832,[DLC - Death Rite Bird] Bullet  
206260910,[DLC - Death Rite Bird] Bullet
206260911,[DLC - Death Rite Bird] Bullet
206260920,[DLC - Death Rite Bird] Bullet
206260921,[DLC - Death Rite Bird] Bullet 
206260922,[DLC - Death Rite Bird] Bullet  
206260923,[DLC - Death Rite Bird] Bullet   
206260940,[DLC - Death Rite Bird] Bullet
206260941,[DLC - Death Rite Bird] Bullet 
206260942,[DLC - Death Rite Bird] Bullet  
206260943,[DLC - Death Rite Bird] Bullet   
206260950,[DLC - Death Rite Bird] Bullet
206270140,[DLC - Royal Revenant] Bullet
206270141,[DLC - Royal Revenant] Bullet 
206270142,[DLC - Royal Revenant] Bullet 
206270230,[DLC - Royal Revenant] Bullet
206270231,[DLC - Royal Revenant] Bullet 
206270232,[DLC - Royal Revenant] Bullet 
206290202,[DLC - Misbegotten] Bullet
206290210,[DLC - Misbegotten] Bullet
206290220,[DLC - Misbegotten] Bullet
206290300,[DLC - Misbegotten] Bullet
206290310,[DLC - Misbegotten] Bullet
206290320,[DLC - Misbegotten] Bullet
206291141,
206300140,[DLC - Snail] Bullet
206300141,[DLC - Snail] Bullet 
206300150,[DLC - Snail] Bullet
206300151,[DLC - Snail] Bullet 
206300160,[DLC - Snail] Bullet
206300161,[DLC - Snail] Bullet 
206300220,[DLC - Snail] Bullet
206300300,[DLC - Snail] Bullet
206300301,[DLC - Snail] Bullet 
206300510,[DLC - Snail] Bullet
206300800,[DLC - Snail] Bullet
206300801,[DLC - Snail] Bullet 
206300802,[DLC - Snail] Bullet  
206300810,[DLC - Snail] Bullet
206300811,[DLC - Snail] Bullet 
206300812,[DLC - Snail] Bullet  
206300813,[DLC - Snail] Bullet   
206300820,[DLC - Snail] Bullet
206300821,[DLC - Snail] Bullet 
206300822,[DLC - Snail] Bullet  
206300823,[DLC - Snail] Bullet   
206300824,[DLC - Snail] Bullet    
206300830,[DLC - Snail] Bullet
206300831,[DLC - Snail] Bullet 
206300832,[DLC - Snail] Bullet  
206300833,[DLC - Snail] Bullet   
206300834,[DLC - Snail] Bullet    
206300835,[DLC - Snail] Bullet     
206300840,[DLC - Snail] Bullet
206300841,[DLC - Snail] Bullet 
206300842,[DLC - Snail] Bullet  
206300843,[DLC - Snail] Bullet   
206300844,[DLC - Snail] Bullet    
206300845,[DLC - Snail] Bullet     
206300846,[DLC - Snail] Bullet      
206300850,[DLC - Snail] Bullet
206300851,[DLC - Snail] Bullet 
206300852,[DLC - Snail] Bullet  
206300853,[DLC - Snail] Bullet   
206300854,[DLC - Snail] Bullet    
206300855,[DLC - Snail] Bullet     
206300856,[DLC - Snail] Bullet      
206300857,[DLC - Snail] Bullet       
206300860,[DLC - Snail] Bullet
206300861,[DLC - Snail] Bullet 
206300862,[DLC - Snail] Bullet  
206300863,[DLC - Snail] Bullet   
206300864,[DLC - Snail] Bullet    
206300865,[DLC - Snail] Bullet     
206300866,[DLC - Snail] Bullet      
206300867,[DLC - Snail] Bullet       
206300868,[DLC - Snail] Bullet        
206300890,[DLC - Snail] Bullet
206300891,[DLC - Snail] Bullet 
206300892,[DLC - Snail] Bullet  
206300893,[DLC - Snail] Bullet   
206300894,[DLC - Snail] Bullet    
206300895,[DLC - Snail] Bullet     
206300896,[DLC - Snail] Bullet      
206300900,[DLC - Snail] Bullet
206300901,[DLC - Snail] Bullet 
206310135,[DLC - Fallingstar Beast] Bullet
206310136,[DLC - Fallingstar Beast] Bullet 
206310165,[DLC - Fallingstar Beast] Bullet
206310166,[DLC - Fallingstar Beast] Bullet 
206310185,[DLC - Fallingstar Beast] Bullet
206310195,[DLC - Fallingstar Beast] Bullet
206310196,[DLC - Fallingstar Beast] Bullet 
206310205,[DLC - Fallingstar Beast] Bullet
206310206,[DLC - Fallingstar Beast] Bullet 
206310260,[DLC - Fallingstar Beast] Bullet
206310261,[DLC - Fallingstar Beast] Bullet
206310262,[DLC - Fallingstar Beast] Bullet
206310263,[DLC - Fallingstar Beast] Bullet
206310270,[DLC - Fallingstar Beast] Bullet
206310271,[DLC - Fallingstar Beast] Bullet 
206310280,[DLC - Fallingstar Beast] Bullet
206310281,[DLC - Fallingstar Beast] Bullet
206310282,[DLC - Fallingstar Beast] Bullet 
206310285,[DLC - Fallingstar Beast] Bullet
206310290,[DLC - Fallingstar Beast] Bullet
206310295,[DLC - Fallingstar Beast] Bullet
206310296,[DLC - Fallingstar Beast] Bullet 
206310355,[DLC - Fallingstar Beast] Bullet
206310356,[DLC - Fallingstar Beast] Bullet 
206310450,[DLC - Fallingstar Beast] Bullet
206310455,[DLC - Fallingstar Beast] Bullet
206310456,[DLC - Fallingstar Beast] Bullet 
206320300,[DLC - Wandering Noble] Bullet
206320320,[DLC - Wandering Noble] Bullet
206320330,[DLC - Wandering Noble] Bullet
206320410,[DLC - Wandering Noble] Bullet
206320411,[DLC - Wandering Noble] Bullet 
206320412,[DLC - Wandering Noble] Bullet  
206320413,[DLC - Wandering Noble] Bullet   
206320414,[DLC - Wandering Noble] Bullet    
206320415,[DLC - Wandering Noble] Bullet     
206320416,[DLC - Wandering Noble] Bullet      
206320417,[DLC - Wandering Noble] Bullet       
206320418,[DLC - Wandering Noble] Bullet        
206320419,[DLC - Wandering Noble] Bullet         
206320600,[DLC - Wandering Noble] Bullet
206320700,[DLC - Wandering Noble] Bullet
